-- --------------------------------------------------------
-- 호스트:                          127.0.0.1
-- 서버 버전:                        10.7.3-MariaDB - mariadb.org binary distribution
-- 서버 OS:                        Win64
-- HeidiSQL 버전:                  11.3.0.6295
-- --------------------------------------------------------

/*!40101 SET @OLD_CHARACTER_SET_CLIENT=@@CHARACTER_SET_CLIENT */;
/*!40101 SET NAMES utf8 */;
/*!50503 SET NAMES utf8mb4 */;
/*!40014 SET @OLD_FOREIGN_KEY_CHECKS=@@FOREIGN_KEY_CHECKS, FOREIGN_KEY_CHECKS=0 */;
/*!40101 SET @OLD_SQL_MODE=@@SQL_MODE, SQL_MODE='NO_AUTO_VALUE_ON_ZERO' */;
/*!40111 SET @OLD_SQL_NOTES=@@SQL_NOTES, SQL_NOTES=0 */;


-- sawwell 데이터베이스 구조 내보내기
CREATE DATABASE IF NOT EXISTS `sawwell` /*!40100 DEFAULT CHARACTER SET utf8mb4 COLLATE utf8mb4_unicode_ci */;
USE `sawwell`;

-- 테이블 sawwell.auth_group 구조 내보내기
CREATE TABLE IF NOT EXISTS `auth_group` (
  `id` int(11) NOT NULL AUTO_INCREMENT,
  `name` varchar(150) COLLATE utf8mb4_unicode_ci NOT NULL,
  PRIMARY KEY (`id`),
  UNIQUE KEY `name` (`name`)
) ENGINE=InnoDB DEFAULT CHARSET=utf8mb4 COLLATE=utf8mb4_unicode_ci;

-- 테이블 데이터 sawwell.auth_group:~0 rows (대략적) 내보내기
/*!40000 ALTER TABLE `auth_group` DISABLE KEYS */;
/*!40000 ALTER TABLE `auth_group` ENABLE KEYS */;

-- 테이블 sawwell.auth_group_permissions 구조 내보내기
CREATE TABLE IF NOT EXISTS `auth_group_permissions` (
  `id` bigint(20) NOT NULL AUTO_INCREMENT,
  `group_id` int(11) NOT NULL,
  `permission_id` int(11) NOT NULL,
  PRIMARY KEY (`id`),
  UNIQUE KEY `auth_group_permissions_group_id_permission_id_0cd325b0_uniq` (`group_id`,`permission_id`),
  KEY `auth_group_permissio_permission_id_84c5c92e_fk_auth_perm` (`permission_id`),
  CONSTRAINT `auth_group_permissio_permission_id_84c5c92e_fk_auth_perm` FOREIGN KEY (`permission_id`) REFERENCES `auth_permission` (`id`),
  CONSTRAINT `auth_group_permissions_group_id_b120cbf9_fk_auth_group_id` FOREIGN KEY (`group_id`) REFERENCES `auth_group` (`id`)
) ENGINE=InnoDB DEFAULT CHARSET=utf8mb4 COLLATE=utf8mb4_unicode_ci;

-- 테이블 데이터 sawwell.auth_group_permissions:~0 rows (대략적) 내보내기
/*!40000 ALTER TABLE `auth_group_permissions` DISABLE KEYS */;
/*!40000 ALTER TABLE `auth_group_permissions` ENABLE KEYS */;

-- 테이블 sawwell.auth_permission 구조 내보내기
CREATE TABLE IF NOT EXISTS `auth_permission` (
  `id` int(11) NOT NULL AUTO_INCREMENT,
  `name` varchar(255) COLLATE utf8mb4_unicode_ci NOT NULL,
  `content_type_id` int(11) NOT NULL,
  `codename` varchar(100) COLLATE utf8mb4_unicode_ci NOT NULL,
  PRIMARY KEY (`id`),
  UNIQUE KEY `auth_permission_content_type_id_codename_01ab375a_uniq` (`content_type_id`,`codename`),
  CONSTRAINT `auth_permission_content_type_id_2f476e4b_fk_django_co` FOREIGN KEY (`content_type_id`) REFERENCES `django_content_type` (`id`)
) ENGINE=InnoDB AUTO_INCREMENT=61 DEFAULT CHARSET=utf8mb4 COLLATE=utf8mb4_unicode_ci;

-- 테이블 데이터 sawwell.auth_permission:~60 rows (대략적) 내보내기
/*!40000 ALTER TABLE `auth_permission` DISABLE KEYS */;
INSERT INTO `auth_permission` (`id`, `name`, `content_type_id`, `codename`) VALUES
	(1, 'Can add log entry', 1, 'add_logentry'),
	(2, 'Can change log entry', 1, 'change_logentry'),
	(3, 'Can delete log entry', 1, 'delete_logentry'),
	(4, 'Can view log entry', 1, 'view_logentry'),
	(5, 'Can add permission', 2, 'add_permission'),
	(6, 'Can change permission', 2, 'change_permission'),
	(7, 'Can delete permission', 2, 'delete_permission'),
	(8, 'Can view permission', 2, 'view_permission'),
	(9, 'Can add group', 3, 'add_group'),
	(10, 'Can change group', 3, 'change_group'),
	(11, 'Can delete group', 3, 'delete_group'),
	(12, 'Can view group', 3, 'view_group'),
	(13, 'Can add user', 4, 'add_user'),
	(14, 'Can change user', 4, 'change_user'),
	(15, 'Can delete user', 4, 'delete_user'),
	(16, 'Can view user', 4, 'view_user'),
	(17, 'Can add content type', 5, 'add_contenttype'),
	(18, 'Can change content type', 5, 'change_contenttype'),
	(19, 'Can delete content type', 5, 'delete_contenttype'),
	(20, 'Can view content type', 5, 'view_contenttype'),
	(21, 'Can add session', 6, 'add_session'),
	(22, 'Can change session', 6, 'change_session'),
	(23, 'Can delete session', 6, 'delete_session'),
	(24, 'Can view session', 6, 'view_session'),
	(25, 'Can add categori', 7, 'add_categori'),
	(26, 'Can change categori', 7, 'change_categori'),
	(27, 'Can delete categori', 7, 'delete_categori'),
	(28, 'Can view categori', 7, 'view_categori'),
	(29, 'Can add ceo', 8, 'add_ceo'),
	(30, 'Can change ceo', 8, 'change_ceo'),
	(31, 'Can delete ceo', 8, 'delete_ceo'),
	(32, 'Can view ceo', 8, 'view_ceo'),
	(33, 'Can add cust', 9, 'add_cust'),
	(34, 'Can change cust', 9, 'change_cust'),
	(35, 'Can delete cust', 9, 'delete_cust'),
	(36, 'Can view cust', 9, 'view_cust'),
	(37, 'Can add food', 10, 'add_food'),
	(38, 'Can change food', 10, 'change_food'),
	(39, 'Can delete food', 10, 'delete_food'),
	(40, 'Can view food', 10, 'view_food'),
	(41, 'Can add seocho', 11, 'add_seocho'),
	(42, 'Can change seocho', 11, 'change_seocho'),
	(43, 'Can delete seocho', 11, 'delete_seocho'),
	(44, 'Can view seocho', 11, 'view_seocho'),
	(45, 'Can add seochofood', 12, 'add_seochofood'),
	(46, 'Can change seochofood', 12, 'change_seochofood'),
	(47, 'Can delete seochofood', 12, 'delete_seochofood'),
	(48, 'Can view seochofood', 12, 'view_seochofood'),
	(49, 'Can add review', 13, 'add_review'),
	(50, 'Can change review', 13, 'change_review'),
	(51, 'Can delete review', 13, 'delete_review'),
	(52, 'Can view review', 13, 'view_review'),
	(53, 'Can add reply', 14, 'add_reply'),
	(54, 'Can change reply', 14, 'change_reply'),
	(55, 'Can delete reply', 14, 'delete_reply'),
	(56, 'Can view reply', 14, 'view_reply'),
	(57, 'Can add market', 15, 'add_market'),
	(58, 'Can change market', 15, 'change_market'),
	(59, 'Can delete market', 15, 'delete_market'),
	(60, 'Can view market', 15, 'view_market');
/*!40000 ALTER TABLE `auth_permission` ENABLE KEYS */;

-- 테이블 sawwell.auth_user 구조 내보내기
CREATE TABLE IF NOT EXISTS `auth_user` (
  `id` int(11) NOT NULL AUTO_INCREMENT,
  `password` varchar(128) COLLATE utf8mb4_unicode_ci NOT NULL,
  `last_login` datetime(6) DEFAULT NULL,
  `is_superuser` tinyint(1) NOT NULL,
  `username` varchar(150) COLLATE utf8mb4_unicode_ci NOT NULL,
  `first_name` varchar(150) COLLATE utf8mb4_unicode_ci NOT NULL,
  `last_name` varchar(150) COLLATE utf8mb4_unicode_ci NOT NULL,
  `email` varchar(254) COLLATE utf8mb4_unicode_ci NOT NULL,
  `is_staff` tinyint(1) NOT NULL,
  `is_active` tinyint(1) NOT NULL,
  `date_joined` datetime(6) NOT NULL,
  PRIMARY KEY (`id`),
  UNIQUE KEY `username` (`username`)
) ENGINE=InnoDB DEFAULT CHARSET=utf8mb4 COLLATE=utf8mb4_unicode_ci;

-- 테이블 데이터 sawwell.auth_user:~0 rows (대략적) 내보내기
/*!40000 ALTER TABLE `auth_user` DISABLE KEYS */;
/*!40000 ALTER TABLE `auth_user` ENABLE KEYS */;

-- 테이블 sawwell.auth_user_groups 구조 내보내기
CREATE TABLE IF NOT EXISTS `auth_user_groups` (
  `id` bigint(20) NOT NULL AUTO_INCREMENT,
  `user_id` int(11) NOT NULL,
  `group_id` int(11) NOT NULL,
  PRIMARY KEY (`id`),
  UNIQUE KEY `auth_user_groups_user_id_group_id_94350c0c_uniq` (`user_id`,`group_id`),
  KEY `auth_user_groups_group_id_97559544_fk_auth_group_id` (`group_id`),
  CONSTRAINT `auth_user_groups_group_id_97559544_fk_auth_group_id` FOREIGN KEY (`group_id`) REFERENCES `auth_group` (`id`),
  CONSTRAINT `auth_user_groups_user_id_6a12ed8b_fk_auth_user_id` FOREIGN KEY (`user_id`) REFERENCES `auth_user` (`id`)
) ENGINE=InnoDB DEFAULT CHARSET=utf8mb4 COLLATE=utf8mb4_unicode_ci;

-- 테이블 데이터 sawwell.auth_user_groups:~0 rows (대략적) 내보내기
/*!40000 ALTER TABLE `auth_user_groups` DISABLE KEYS */;
/*!40000 ALTER TABLE `auth_user_groups` ENABLE KEYS */;

-- 테이블 sawwell.auth_user_user_permissions 구조 내보내기
CREATE TABLE IF NOT EXISTS `auth_user_user_permissions` (
  `id` bigint(20) NOT NULL AUTO_INCREMENT,
  `user_id` int(11) NOT NULL,
  `permission_id` int(11) NOT NULL,
  PRIMARY KEY (`id`),
  UNIQUE KEY `auth_user_user_permissions_user_id_permission_id_14a6b632_uniq` (`user_id`,`permission_id`),
  KEY `auth_user_user_permi_permission_id_1fbb5f2c_fk_auth_perm` (`permission_id`),
  CONSTRAINT `auth_user_user_permi_permission_id_1fbb5f2c_fk_auth_perm` FOREIGN KEY (`permission_id`) REFERENCES `auth_permission` (`id`),
  CONSTRAINT `auth_user_user_permissions_user_id_a95ead1b_fk_auth_user_id` FOREIGN KEY (`user_id`) REFERENCES `auth_user` (`id`)
) ENGINE=InnoDB DEFAULT CHARSET=utf8mb4 COLLATE=utf8mb4_unicode_ci;

-- 테이블 데이터 sawwell.auth_user_user_permissions:~0 rows (대략적) 내보내기
/*!40000 ALTER TABLE `auth_user_user_permissions` DISABLE KEYS */;
/*!40000 ALTER TABLE `auth_user_user_permissions` ENABLE KEYS */;

-- 테이블 sawwell.categori 구조 내보내기
CREATE TABLE IF NOT EXISTS `categori` (
  `cid` int(11) NOT NULL AUTO_INCREMENT,
  `categoriname` varchar(30) COLLATE utf8mb4_unicode_ci DEFAULT NULL,
  PRIMARY KEY (`cid`)
) ENGINE=InnoDB AUTO_INCREMENT=8 DEFAULT CHARSET=utf8mb4 COLLATE=utf8mb4_unicode_ci;

-- 테이블 데이터 sawwell.categori:~7 rows (대략적) 내보내기
/*!40000 ALTER TABLE `categori` DISABLE KEYS */;
INSERT INTO `categori` (`cid`, `categoriname`) VALUES
	(1, '한식'),
	(2, '일식'),
	(3, '양식'),
	(4, '중식'),
	(5, '기타'),
	(6, '분식'),
	(7, '뷔페식');
/*!40000 ALTER TABLE `categori` ENABLE KEYS */;

-- 테이블 sawwell.ceo 구조 내보내기
CREATE TABLE IF NOT EXISTS `ceo` (
  `ceoid` int(11) NOT NULL AUTO_INCREMENT,
  `id` varchar(100) COLLATE utf8mb4_unicode_ci DEFAULT NULL,
  `password` varchar(100) COLLATE utf8mb4_unicode_ci DEFAULT NULL,
  `name` varchar(100) COLLATE utf8mb4_unicode_ci DEFAULT NULL,
  `seochono` int(11) NOT NULL,
  PRIMARY KEY (`ceoid`),
  KEY `ceo_seochono_e3a8532d_fk_seocho_seochono` (`seochono`),
  CONSTRAINT `ceo_seochono_e3a8532d_fk_seocho_seochono` FOREIGN KEY (`seochono`) REFERENCES `seocho` (`seochono`)
) ENGINE=InnoDB AUTO_INCREMENT=317 DEFAULT CHARSET=utf8mb4 COLLATE=utf8mb4_unicode_ci;

-- 테이블 데이터 sawwell.ceo:~308 rows (대략적) 내보내기
/*!40000 ALTER TABLE `ceo` DISABLE KEYS */;
INSERT INTO `ceo` (`ceoid`, `id`, `password`, `name`, `seochono`) VALUES
	(6, 'ceo6id6', 'password6', 'ceo6', 6),
	(8, 'ceo8id8', 'password8', 'ceo8', 8),
	(10, 'ceo10id10', 'password10', 'ceo10', 10),
	(11, 'ceo11id11', 'password11', 'ceo11', 11),
	(12, 'ceo12id12', 'password12', 'ceo12', 12),
	(13, 'ceo13id13', 'password13', 'ceo13', 13),
	(15, 'ceo15id15', 'password15', 'ceo15', 15),
	(16, 'ceo16id16', 'password16', 'ceo16', 16),
	(17, 'ceo17id17', 'password17', 'ceo17', 17),
	(18, 'ceo18id18', 'password18', 'ceo18', 18),
	(19, 'ceo19id19', 'password19', 'ceo19', 19),
	(20, 'ceo20id20', 'password20', 'ceo20', 20),
	(21, 'ceo21id21', 'password21', 'ceo21', 21),
	(22, 'ceo22id22', 'password22', 'ceo22', 22),
	(23, 'ceo23id23', 'password23', 'ceo23', 23),
	(24, 'ceo24id24', 'password24', 'ceo24', 24),
	(25, 'ceo25id25', 'password25', 'ceo25', 25),
	(26, 'ceo26id26', 'password26', 'ceo26', 26),
	(27, 'ceo27id27', 'password27', 'ceo27', 27),
	(28, 'ceo28id28', 'password28', 'ceo28', 28),
	(29, 'ceo29id29', 'password29', 'ceo29', 29),
	(30, 'ceo30id30', 'password30', 'ceo30', 30),
	(31, 'ceo31id31', 'password31', 'ceo31', 31),
	(32, 'ceo32id32', 'password32', 'ceo32', 32),
	(33, 'ceo33id33', 'password33', 'ceo33', 33),
	(34, 'ceo34id34', 'password34', 'ceo34', 34),
	(35, 'ceo35id35', 'password35', 'ceo35', 35),
	(36, 'ceo36id36', 'password36', 'ceo36', 36),
	(37, 'ceo37id37', 'password37', 'ceo37', 37),
	(38, 'ceo38id38', 'password38', 'ceo38', 38),
	(39, 'ceo39id39', 'password39', 'ceo39', 39),
	(40, 'ceo40id40', 'password40', 'ceo40', 40),
	(41, 'ceo41id41', 'password41', 'ceo41', 41),
	(42, 'ceo42id42', 'password42', 'ceo42', 42),
	(43, 'ceo43id43', 'password43', 'ceo43', 43),
	(44, 'ceo44id44', 'password44', 'ceo44', 44),
	(45, 'ceo45id45', 'password45', 'ceo45', 45),
	(46, 'ceo46id46', 'password46', 'ceo46', 46),
	(47, 'ceo47id47', 'password47', 'ceo47', 47),
	(48, 'ceo48id48', 'password48', 'ceo48', 48),
	(49, 'ceo49id49', 'password49', 'ceo49', 49),
	(50, 'ceo50id50', 'password50', 'ceo50', 50),
	(51, 'ceo51id51', 'password51', 'ceo51', 51),
	(52, 'ceo52id52', 'password52', 'ceo52', 52),
	(53, 'ceo53id53', 'password53', 'ceo53', 53),
	(54, 'ceo54id54', 'password54', 'ceo54', 54),
	(55, 'ceo55id55', 'password55', 'ceo55', 55),
	(56, 'ceo56id56', 'password56', 'ceo56', 56),
	(57, 'ceo57id57', 'password57', 'ceo57', 57),
	(58, 'ceo58id58', 'password58', 'ceo58', 58),
	(59, 'ceo59id59', 'password59', 'ceo59', 59),
	(60, 'ceo60id60', 'password60', 'ceo60', 60),
	(61, 'ceo61id61', 'password61', 'ceo61', 61),
	(62, 'ceo62id62', 'password62', 'ceo62', 62),
	(63, 'ceo63id63', 'password63', 'ceo63', 63),
	(64, 'ceo64id64', 'password64', 'ceo64', 64),
	(65, 'ceo65id65', 'password65', 'ceo65', 65),
	(66, 'ceo66id66', 'password66', 'ceo66', 66),
	(67, 'ceo67id67', 'password67', 'ceo67', 67),
	(68, 'ceo68id68', 'password68', 'ceo68', 68),
	(69, 'ceo69id69', 'password69', 'ceo69', 69),
	(70, 'ceo70id70', 'password70', 'ceo70', 70),
	(71, 'ceo71id71', 'password71', 'ceo71', 71),
	(72, 'ceo72id72', 'password72', 'ceo72', 72),
	(73, 'ceo73id73', 'password73', 'ceo73', 73),
	(74, 'ceo74id74', 'password74', 'ceo74', 74),
	(75, 'ceo75id75', 'password75', 'ceo75', 75),
	(76, 'ceo76id76', 'password76', 'ceo76', 76),
	(77, 'ceo77id77', 'password77', 'ceo77', 77),
	(78, 'ceo78id78', 'password78', 'ceo78', 78),
	(79, 'ceo79id79', 'password79', 'ceo79', 79),
	(80, 'ceo80id80', 'password80', 'ceo80', 80),
	(81, 'ceo81id81', 'password81', 'ceo81', 81),
	(82, 'ceo82id82', 'password82', 'ceo82', 82),
	(83, 'ceo83id83', 'password83', 'ceo83', 83),
	(84, 'ceo84id84', 'password84', 'ceo84', 84),
	(85, 'ceo85id85', 'password85', 'ceo85', 85),
	(86, 'ceo86id86', 'password86', 'ceo86', 86),
	(87, 'ceo87id87', 'password87', 'ceo87', 87),
	(88, 'ceo88id88', 'password88', 'ceo88', 88),
	(89, 'ceo89id89', 'password89', 'ceo89', 89),
	(90, 'ceo90id90', 'password90', 'ceo90', 90),
	(91, 'ceo91id91', 'password91', 'ceo91', 91),
	(92, 'ceo92id92', 'password92', 'ceo92', 92),
	(93, 'ceo93id93', 'password93', 'ceo93', 93),
	(94, 'ceo94id94', 'password94', 'ceo94', 94),
	(95, 'ceo95id95', 'password95', 'ceo95', 95),
	(96, 'ceo96id96', 'password96', 'ceo96', 96),
	(97, 'ceo97id97', 'password97', 'ceo97', 97),
	(98, 'ceo98id98', 'password98', 'ceo98', 98),
	(99, 'ceo99id99', 'password99', 'ceo99', 99),
	(100, 'ceo100id100', 'password100', 'ceo100', 100),
	(101, 'ceo101id101', 'password101', 'ceo101', 101),
	(102, 'ceo102id102', 'password102', 'ceo102', 102),
	(103, 'ceo103id103', 'password103', 'ceo103', 103),
	(104, 'ceo104id104', 'password104', 'ceo104', 104),
	(105, 'ceo105id105', 'password105', 'ceo105', 105),
	(106, 'ceo106id106', 'password106', 'ceo106', 106),
	(107, 'ceo107id107', 'password107', 'ceo107', 107),
	(108, 'ceo108id108', 'password108', 'ceo108', 108),
	(109, 'ceo109id109', 'password109', 'ceo109', 109),
	(110, 'ceo110id110', 'password110', 'ceo110', 110),
	(111, 'ceo111id111', 'password111', 'ceo111', 111),
	(112, 'ceo112id112', 'password112', 'ceo112', 112),
	(113, 'ceo113id113', 'password113', 'ceo113', 113),
	(114, 'ceo114id114', 'password114', 'ceo114', 114),
	(115, 'ceo115id115', 'password115', 'ceo115', 115),
	(116, 'ceo116id116', 'password116', 'ceo116', 116),
	(117, 'ceo117id117', 'password117', 'ceo117', 117),
	(118, 'ceo118id118', 'password118', 'ceo118', 118),
	(119, 'ceo119id119', 'password119', 'ceo119', 119),
	(120, 'ceo120id120', 'password120', 'ceo120', 120),
	(121, 'ceo121id121', 'password121', 'ceo121', 121),
	(122, 'ceo122id122', 'password122', 'ceo122', 122),
	(123, 'ceo123id123', 'password123', 'ceo123', 123),
	(124, 'ceo124id124', 'password124', 'ceo124', 124),
	(125, 'ceo125id125', 'password125', 'ceo125', 125),
	(126, 'ceo126id126', 'password126', 'ceo126', 126),
	(127, 'ceo127id127', 'password127', 'ceo127', 127),
	(128, 'ceo128id128', 'password128', 'ceo128', 128),
	(129, 'ceo129id129', 'password129', 'ceo129', 129),
	(130, 'ceo130id130', 'password130', 'ceo130', 130),
	(131, 'ceo131id131', 'password131', 'ceo131', 131),
	(132, 'ceo132id132', 'password132', 'ceo132', 132),
	(133, 'ceo133id133', 'password133', 'ceo133', 133),
	(134, 'ceo134id134', 'password134', 'ceo134', 134),
	(135, 'ceo135id135', 'password135', 'ceo135', 135),
	(136, 'ceo136id136', 'password136', 'ceo136', 136),
	(137, 'ceo137id137', 'password137', 'ceo137', 137),
	(138, 'ceo138id138', 'password138', 'ceo138', 138),
	(139, 'ceo139id139', 'password139', 'ceo139', 139),
	(140, 'ceo140id140', 'password140', 'ceo140', 140),
	(141, 'ceo141id141', 'password141', 'ceo141', 141),
	(142, 'ceo142id142', 'password142', 'ceo142', 142),
	(143, 'ceo143id143', 'password143', 'ceo143', 143),
	(144, 'ceo144id144', 'password144', 'ceo144', 144),
	(145, 'ceo145id145', 'password145', 'ceo145', 145),
	(146, 'ceo146id146', 'password146', 'ceo146', 146),
	(147, 'ceo147id147', 'password147', 'ceo147', 147),
	(148, 'ceo148id148', 'password148', 'ceo148', 148),
	(149, 'ceo149id149', 'password149', 'ceo149', 149),
	(150, 'ceo150id150', 'password150', 'ceo150', 150),
	(151, 'ceo151id151', 'password151', 'ceo151', 151),
	(152, 'ceo152id152', 'password152', 'ceo152', 152),
	(153, 'ceo153id153', 'password153', 'ceo153', 153),
	(154, 'ceo154id154', 'password154', 'ceo154', 154),
	(155, 'ceo155id155', 'password155', 'ceo155', 155),
	(156, 'ceo156id156', 'password156', 'ceo156', 156),
	(157, 'ceo157id157', 'password157', 'ceo157', 157),
	(158, 'ceo158id158', 'password158', 'ceo158', 158),
	(159, 'ceo159id159', 'password159', 'ceo159', 159),
	(160, 'ceo160id160', 'password160', 'ceo160', 160),
	(161, 'ceo161id161', 'password161', 'ceo161', 161),
	(162, 'ceo162id162', 'password162', 'ceo162', 162),
	(163, 'ceo163id163', 'password163', 'ceo163', 163),
	(164, 'ceo164id164', 'password164', 'ceo164', 164),
	(165, 'ceo165id165', 'password165', 'ceo165', 165),
	(166, 'ceo166id166', 'password166', 'ceo166', 166),
	(167, 'ceo167id167', 'password167', 'ceo167', 167),
	(168, 'ceo168id168', 'password168', 'ceo168', 168),
	(169, 'ceo169id169', 'password169', 'ceo169', 169),
	(170, 'ceo170id170', 'password170', 'ceo170', 170),
	(171, 'ceo171id171', 'password171', 'ceo171', 171),
	(172, 'ceo172id172', 'password172', 'ceo172', 172),
	(173, 'ceo173id173', 'password173', 'ceo173', 173),
	(174, 'ceo174id174', 'password174', 'ceo174', 174),
	(175, 'ceo175id175', 'password175', 'ceo175', 175),
	(176, 'ceo176id176', 'password176', 'ceo176', 176),
	(177, 'ceo177id177', 'password177', 'ceo177', 177),
	(178, 'ceo178id178', 'password178', 'ceo178', 178),
	(179, 'ceo179id179', 'password179', 'ceo179', 179),
	(180, 'ceo180id180', 'password180', 'ceo180', 180),
	(181, 'ceo181id181', 'password181', 'ceo181', 181),
	(182, 'ceo182id182', 'password182', 'ceo182', 182),
	(183, 'ceo183id183', 'password183', 'ceo183', 183),
	(184, 'ceo184id184', 'password184', 'ceo184', 184),
	(185, 'ceo185id185', 'password185', 'ceo185', 185),
	(186, 'ceo186id186', 'password186', 'ceo186', 186),
	(187, 'ceo187id187', 'password187', 'ceo187', 187),
	(188, 'ceo188id188', 'password188', 'ceo188', 188),
	(189, 'ceo189id189', 'password189', 'ceo189', 189),
	(190, 'ceo190id190', 'password190', 'ceo190', 190),
	(191, 'ceo191id191', 'password191', 'ceo191', 191),
	(192, 'ceo192id192', 'password192', 'ceo192', 192),
	(193, 'ceo193id193', 'password193', 'ceo193', 193),
	(194, 'ceo194id194', 'password194', 'ceo194', 194),
	(195, 'ceo195id195', 'password195', 'ceo195', 195),
	(196, 'ceo196id196', 'password196', 'ceo196', 196),
	(197, 'ceo197id197', 'password197', 'ceo197', 197),
	(198, 'ceo198id198', 'password198', 'ceo198', 198),
	(199, 'ceo199id199', 'password199', 'ceo199', 199),
	(200, 'ceo200id200', 'password200', 'ceo200', 200),
	(201, 'ceo201id201', 'password201', 'ceo201', 201),
	(202, 'ceo202id202', 'password202', 'ceo202', 202),
	(203, 'ceo203id203', 'password203', 'ceo203', 203),
	(204, 'ceo204id204', 'password204', 'ceo204', 204),
	(205, 'ceo205id205', 'password205', 'ceo205', 205),
	(206, 'ceo206id206', 'password206', 'ceo206', 206),
	(207, 'ceo207id207', 'password207', 'ceo207', 207),
	(208, 'ceo208id208', 'password208', 'ceo208', 208),
	(209, 'ceo209id209', 'password209', 'ceo209', 209),
	(210, 'ceo210id210', 'password210', 'ceo210', 210),
	(211, 'ceo211id211', 'password211', 'ceo211', 211),
	(212, 'ceo212id212', 'password212', 'ceo212', 212),
	(213, 'ceo213id213', 'password213', 'ceo213', 213),
	(214, 'ceo214id214', 'password214', 'ceo214', 214),
	(215, 'ceo215id215', 'password215', 'ceo215', 215),
	(216, 'ceo216id216', 'password216', 'ceo216', 216),
	(217, 'ceo217id217', 'password217', 'ceo217', 217),
	(218, 'ceo218id218', 'password218', 'ceo218', 218),
	(219, 'ceo219id219', 'password219', 'ceo219', 219),
	(220, 'ceo220id220', 'password220', 'ceo220', 220),
	(221, 'ceo221id221', 'password221', 'ceo221', 221),
	(222, 'ceo222id222', 'password222', 'ceo222', 222),
	(223, 'ceo223id223', 'password223', 'ceo223', 223),
	(224, 'ceo224id224', 'password224', 'ceo224', 224),
	(225, 'ceo225id225', 'password225', 'ceo225', 225),
	(226, 'ceo226id226', 'password226', 'ceo226', 226),
	(227, 'ceo227id227', 'password227', 'ceo227', 227),
	(228, 'ceo228id228', 'password228', 'ceo228', 228),
	(229, 'ceo229id229', 'password229', 'ceo229', 229),
	(230, 'ceo230id230', 'password230', 'ceo230', 230),
	(231, 'ceo231id231', 'password231', 'ceo231', 231),
	(232, 'ceo232id232', 'password232', 'ceo232', 232),
	(233, 'ceo233id233', 'password233', 'ceo233', 233),
	(234, 'ceo234id234', 'password234', 'ceo234', 234),
	(235, 'ceo235id235', 'password235', 'ceo235', 235),
	(236, 'ceo236id236', 'password236', 'ceo236', 236),
	(237, 'ceo237id237', 'password237', 'ceo237', 237),
	(238, 'ceo238id238', 'password238', 'ceo238', 238),
	(239, 'ceo239id239', 'password239', 'ceo239', 239),
	(240, 'ceo240id240', 'password240', 'ceo240', 240),
	(241, 'ceo241id241', 'password241', 'ceo241', 241),
	(242, 'ceo242id242', 'password242', 'ceo242', 242),
	(243, 'ceo243id243', 'password243', 'ceo243', 243),
	(244, 'ceo244id244', 'password244', 'ceo244', 244),
	(245, 'ceo245id245', 'password245', 'ceo245', 245),
	(246, 'ceo246id246', 'password246', 'ceo246', 246),
	(247, 'ceo247id247', 'password247', 'ceo247', 247),
	(248, 'ceo248id248', 'password248', 'ceo248', 248),
	(249, 'ceo249id249', 'password249', 'ceo249', 249),
	(250, 'ceo250id250', 'password250', 'ceo250', 250),
	(251, 'ceo251id251', 'password251', 'ceo251', 251),
	(252, 'ceo252id252', 'password252', 'ceo252', 252),
	(253, 'ceo253id253', 'password253', 'ceo253', 253),
	(254, 'ceo254id254', 'password254', 'ceo254', 254),
	(255, 'ceo255id255', 'password255', 'ceo255', 255),
	(256, 'ceo256id256', 'password256', 'ceo256', 256),
	(257, 'ceo257id257', 'password257', 'ceo257', 257),
	(258, 'ceo258id258', 'password258', 'ceo258', 258),
	(259, 'ceo259id259', 'password259', 'ceo259', 259),
	(260, 'ceo260id260', 'password260', 'ceo260', 260),
	(261, 'ceo261id261', 'password261', 'ceo261', 261),
	(262, 'ceo262id262', 'password262', 'ceo262', 262),
	(263, 'ceo263id263', 'password263', 'ceo263', 263),
	(264, 'ceo264id264', 'password264', 'ceo264', 264),
	(265, 'ceo265id265', 'password265', 'ceo265', 265),
	(266, 'ceo266id266', 'password266', 'ceo266', 266),
	(267, 'ceo267id267', 'password267', 'ceo267', 267),
	(268, 'ceo268id268', 'password268', 'ceo268', 268),
	(269, 'ceo269id269', 'password269', 'ceo269', 269),
	(270, 'ceo270id270', 'password270', 'ceo270', 270),
	(271, 'ceo271id271', 'password271', 'ceo271', 271),
	(272, 'ceo272id272', 'password272', 'ceo272', 272),
	(273, 'ceo273id273', 'password273', 'ceo273', 273),
	(274, 'ceo274id274', 'password274', 'ceo274', 274),
	(275, 'ceo275id275', 'password275', 'ceo275', 275),
	(276, 'ceo276id276', 'password276', 'ceo276', 276),
	(277, 'ceo277id277', 'password277', 'ceo277', 277),
	(278, 'ceo278id278', 'password278', 'ceo278', 278),
	(279, 'ceo279id279', 'password279', 'ceo279', 279),
	(280, 'ceo280id280', 'password280', 'ceo280', 280),
	(281, 'ceo281id281', 'password281', 'ceo281', 281),
	(282, 'ceo282id282', 'password282', 'ceo282', 282),
	(283, 'ceo283id283', 'password283', 'ceo283', 283),
	(284, 'ceo284id284', 'password284', 'ceo284', 284),
	(285, 'ceo285id285', 'password285', 'ceo285', 285),
	(286, 'ceo286id286', 'password286', 'ceo286', 286),
	(287, 'ceo287id287', 'password287', 'ceo287', 287),
	(288, 'ceo288id288', 'password288', 'ceo288', 288),
	(289, 'ceo289id289', 'password289', 'ceo289', 289),
	(290, 'ceo290id290', 'password290', 'ceo290', 290),
	(291, 'ceo291id291', 'password291', 'ceo291', 291),
	(292, 'ceo292id292', 'password292', 'ceo292', 292),
	(293, 'ceo293id293', 'password293', 'ceo293', 293),
	(294, 'ceo294id294', 'password294', 'ceo294', 294),
	(295, 'ceo295id295', 'password295', 'ceo295', 295),
	(296, 'ceo296id296', 'password296', 'ceo296', 296),
	(297, 'ceo297id297', 'password297', 'ceo297', 297),
	(298, 'ceo298id298', 'password298', 'ceo298', 298),
	(299, 'ceo299id299', 'password299', 'ceo299', 299),
	(300, 'ceo300id300', 'password300', 'ceo300', 300),
	(301, 'ceo301id301', 'password301', 'ceo301', 301),
	(302, 'ceo302id302', 'password302', 'ceo302', 302),
	(303, 'ceo303id303', 'password303', 'ceo303', 303),
	(304, 'ceo304id304', 'password304', 'ceo304', 304),
	(305, 'ceo305id305', 'password305', 'ceo305', 305),
	(306, 'ceo306id306', 'password306', 'ceo306', 306),
	(307, 'ceo307id307', 'password307', 'ceo307', 307),
	(308, 'ceo308id308', 'password308', 'ceo308', 308),
	(309, 'ceo309id309', 'password309', 'ceo309', 309),
	(310, 'ceo310id310', 'password310', 'ceo310', 310),
	(311, 'ceo311id311', 'password311', 'ceo311', 311),
	(312, 'ceo312id312', 'password312', 'ceo312', 312),
	(313, 'ceo313id313', 'password313', 'ceo313', 313),
	(314, 'ceo314id314', 'password314', 'ceo314', 314),
	(315, 'ceo315id315', 'password315', 'ceo315', 315),
	(316, 'ceo315id315', 'password315', 'ceo315', 315);
/*!40000 ALTER TABLE `ceo` ENABLE KEYS */;

-- 테이블 sawwell.cust 구조 내보내기
CREATE TABLE IF NOT EXISTS `cust` (
  `custno` int(11) NOT NULL AUTO_INCREMENT,
  `id` varchar(30) COLLATE utf8mb4_unicode_ci DEFAULT NULL,
  `password` varchar(30) COLLATE utf8mb4_unicode_ci DEFAULT NULL,
  `name` varchar(10) COLLATE utf8mb4_unicode_ci DEFAULT NULL,
  `address` varchar(100) COLLATE utf8mb4_unicode_ci DEFAULT NULL,
  `email` varchar(100) COLLATE utf8mb4_unicode_ci DEFAULT NULL,
  `regdate` timestamp NOT NULL DEFAULT current_timestamp(),
  PRIMARY KEY (`custno`)
) ENGINE=InnoDB AUTO_INCREMENT=318 DEFAULT CHARSET=utf8mb4 COLLATE=utf8mb4_unicode_ci;

-- 테이블 데이터 sawwell.cust:~316 rows (대략적) 내보내기
/*!40000 ALTER TABLE `cust` DISABLE KEYS */;
INSERT INTO `cust` (`custno`, `id`, `password`, `name`, `address`, `email`, `regdate`) VALUES
	(2, 'id2', 'id2', 'name2', 'addres2', 'email2', '2022-03-17 00:00:00'),
	(3, 'id3', 'id3', 'name3', 'addres3', 'email3', '2022-03-17 00:00:00'),
	(4, 'id4', 'id4', 'name4', 'addres4', 'email4', '2022-03-17 00:00:00'),
	(5, 'id5', 'id5', 'name5', 'addres5', 'email5', '2022-03-17 00:00:00'),
	(6, 'id6', 'id6', 'name6', 'addres6', 'email6', '2022-03-17 00:00:00'),
	(7, 'id7', 'id7', 'name7', 'addres7', 'email7', '2022-03-17 00:00:00'),
	(8, 'id8', 'id8', 'name8', 'addres8', 'email8', '2022-03-17 00:00:00'),
	(9, 'id9', 'id9', 'name9', 'addres9', 'email9', '2022-03-17 00:00:00'),
	(10, 'id10', 'id10', 'name10', 'addres10', 'email10', '2022-03-17 00:00:00'),
	(11, 'id11', 'id11', 'name11', 'addres11', 'email11', '2022-03-17 00:00:00'),
	(12, 'id12', 'id12', 'name12', 'addres12', 'email12', '2022-03-17 00:00:00'),
	(13, 'id13', 'id13', 'name13', 'addres13', 'email13', '2022-03-17 00:00:00'),
	(14, 'id14', 'id14', 'name14', 'addres14', 'email14', '2022-03-17 00:00:00'),
	(15, 'id15', 'id15', 'name15', 'addres15', 'email15', '2022-03-17 00:00:00'),
	(16, 'id16', 'id16', 'name16', 'addres16', 'email16', '2022-03-17 00:00:00'),
	(17, 'id17', 'id17', 'name17', 'addres17', 'email17', '2022-03-17 00:00:00'),
	(18, 'id18', 'id18', 'name18', 'addres18', 'email18', '2022-03-17 00:00:00'),
	(19, 'id19', 'id19', 'name19', 'addres19', 'email19', '2022-03-17 00:00:00'),
	(21, 'id21', 'id21', 'name21', 'addres21', 'email21', '2022-03-17 00:00:00'),
	(22, 'id22', 'id22', 'name22', 'addres22', 'email22', '2022-03-17 00:00:00'),
	(23, 'id23', 'id23', 'name23', 'addres23', 'email23', '2022-03-17 00:00:00'),
	(24, 'id24', 'id24', 'name24', 'addres24', 'email24', '2022-03-17 00:00:00'),
	(25, 'id25', 'id25', 'name25', 'addres25', 'email25', '2022-03-17 00:00:00'),
	(26, 'id26', 'id26', 'name26', 'addres26', 'email26', '2022-03-17 00:00:00'),
	(27, 'id27', 'id27', 'name27', 'addres27', 'email27', '2022-03-17 00:00:00'),
	(28, 'id28', 'id28', 'name28', 'addres28', 'email28', '2022-03-17 00:00:00'),
	(29, 'id29', 'id29', 'name29', 'addres29', 'email29', '2022-03-17 00:00:00'),
	(30, 'id30', 'id30', 'name30', 'addres30', 'email30', '2022-03-17 00:00:00'),
	(31, 'id31', 'id31', 'name31', 'addres31', 'email31', '2022-03-17 00:00:00'),
	(32, 'id32', 'id32', 'name32', 'addres32', 'email32', '2022-03-17 00:00:00'),
	(33, 'id33', 'id33', 'name33', 'addres33', 'email33', '2022-03-17 00:00:00'),
	(34, 'id34', 'id34', 'name34', 'addres34', 'email34', '2022-03-17 00:00:00'),
	(35, 'id35', 'id35', 'name35', 'addres35', 'email35', '2022-03-17 00:00:00'),
	(36, 'id36', 'id36', 'name36', 'addres36', 'email36', '2022-03-17 00:00:00'),
	(37, 'id37', 'id37', 'name37', 'addres37', 'email37', '2022-03-17 00:00:00'),
	(38, 'id38', 'id38', 'name38', 'addres38', 'email38', '2022-03-17 00:00:00'),
	(39, 'id39', 'id39', 'name39', 'addres39', 'email39', '2022-03-17 00:00:00'),
	(40, 'id40', 'id40', 'name40', 'addres40', 'email40', '2022-03-17 00:00:00'),
	(41, 'id41', 'id41', 'name41', 'addres41', 'email41', '2022-03-17 00:00:00'),
	(42, 'id42', 'id42', 'name42', 'addres42', 'email42', '2022-03-17 00:00:00'),
	(43, 'id43', 'id43', 'name43', 'addres43', 'email43', '2022-03-17 00:00:00'),
	(44, 'id44', 'id44', 'name44', 'addres44', 'email44', '2022-03-17 00:00:00'),
	(45, 'id45', 'id45', 'name45', 'addres45', 'email45', '2022-03-17 00:00:00'),
	(46, 'id46', 'id46', 'name46', 'addres46', 'email46', '2022-03-17 00:00:00'),
	(47, 'id47', 'id47', 'name47', 'addres47', 'email47', '2022-03-17 00:00:00'),
	(48, 'id48', 'id48', 'name48', 'addres48', 'email48', '2022-03-17 00:00:00'),
	(49, 'id49', 'id49', 'name49', 'addres49', 'email49', '2022-03-17 00:00:00'),
	(50, 'id50', 'id50', 'name50', 'addres50', 'email50', '2022-03-17 00:00:00'),
	(51, 'id51', 'id51', 'name51', 'addres51', 'email51', '2022-03-17 00:00:00'),
	(52, 'id52', 'id52', 'name52', 'addres52', 'email52', '2022-03-17 00:00:00'),
	(53, 'id53', 'id53', 'name53', 'addres53', 'email53', '2022-03-17 00:00:00'),
	(54, 'id54', 'id54', 'name54', 'addres54', 'email54', '2022-03-17 00:00:00'),
	(55, 'id55', 'id55', 'name55', 'addres55', 'email55', '2022-03-17 00:00:00'),
	(56, 'id56', 'id56', 'name56', 'addres56', 'email56', '2022-03-17 00:00:00'),
	(57, 'id57', 'id57', 'name57', 'addres57', 'email57', '2022-03-17 00:00:00'),
	(58, 'id58', 'id58', 'name58', 'addres58', 'email58', '2022-03-17 00:00:00'),
	(59, 'id59', 'id59', 'name59', 'addres59', 'email59', '2022-03-17 00:00:00'),
	(60, 'id60', 'id60', 'name60', 'addres60', 'email60', '2022-03-17 00:00:00'),
	(61, 'id61', 'id61', 'name61', 'addres61', 'email61', '2022-03-17 00:00:00'),
	(62, 'id62', 'id62', 'name62', 'addres62', 'email62', '2022-03-17 00:00:00'),
	(63, 'id63', 'id63', 'name63', 'addres63', 'email63', '2022-03-17 00:00:00'),
	(64, 'id64', 'id64', 'name64', 'addres64', 'email64', '2022-03-17 00:00:00'),
	(65, 'id65', 'id65', 'name65', 'addres65', 'email65', '2022-03-17 00:00:00'),
	(66, 'id66', 'id66', 'name66', 'addres66', 'email66', '2022-03-17 00:00:00'),
	(67, 'id67', 'id67', 'name67', 'addres67', 'email67', '2022-03-17 00:00:00'),
	(68, 'id68', 'id68', 'name68', 'addres68', 'email68', '2022-03-17 00:00:00'),
	(69, 'id69', 'id69', 'name69', 'addres69', 'email69', '2022-03-17 00:00:00'),
	(70, 'id70', 'id70', 'name70', 'addres70', 'email70', '2022-03-17 00:00:00'),
	(71, 'id71', 'id71', 'name71', 'addres71', 'email71', '2022-03-17 00:00:00'),
	(72, 'id72', 'id72', 'name72', 'addres72', 'email72', '2022-03-17 00:00:00'),
	(73, 'id73', 'id73', 'name73', 'addres73', 'email73', '2022-03-17 00:00:00'),
	(74, 'id74', 'id74', 'name74', 'addres74', 'email74', '2022-03-17 00:00:00'),
	(75, 'id75', 'id75', 'name75', 'addres75', 'email75', '2022-03-17 00:00:00'),
	(76, 'id76', 'id76', 'name76', 'addres76', 'email76', '2022-03-17 00:00:00'),
	(77, 'id77', 'id77', 'name77', 'addres77', 'email77', '2022-03-17 00:00:00'),
	(78, 'id78', 'id78', 'name78', 'addres78', 'email78', '2022-03-17 00:00:00'),
	(79, 'id79', 'id79', 'name79', 'addres79', 'email79', '2022-03-17 00:00:00'),
	(80, 'id80', 'id80', 'name80', 'addres80', 'email80', '2022-03-17 00:00:00'),
	(81, 'id81', 'id81', 'name81', 'addres81', 'email81', '2022-03-17 00:00:00'),
	(82, 'id82', 'id82', 'name82', 'addres82', 'email82', '2022-03-17 00:00:00'),
	(83, 'id83', 'id83', 'name83', 'addres83', 'email83', '2022-03-17 00:00:00'),
	(84, 'id84', 'id84', 'name84', 'addres84', 'email84', '2022-03-17 00:00:00'),
	(85, 'id85', 'id85', 'name85', 'addres85', 'email85', '2022-03-17 00:00:00'),
	(86, 'id86', 'id86', 'name86', 'addres86', 'email86', '2022-03-17 00:00:00'),
	(87, 'id87', 'id87', 'name87', 'addres87', 'email87', '2022-03-17 00:00:00'),
	(88, 'id88', 'id88', 'name88', 'addres88', 'email88', '2022-03-17 00:00:00'),
	(89, 'id89', 'id89', 'name89', 'addres89', 'email89', '2022-03-17 00:00:00'),
	(90, 'id90', 'id90', 'name90', 'addres90', 'email90', '2022-03-17 00:00:00'),
	(91, 'id91', 'id91', 'name91', 'addres91', 'email91', '2022-03-17 00:00:00'),
	(92, 'id92', 'id92', 'name92', 'addres92', 'email92', '2022-03-17 00:00:00'),
	(93, 'id93', 'id93', 'name93', 'addres93', 'email93', '2022-03-17 00:00:00'),
	(94, 'id94', 'id94', 'name94', 'addres94', 'email94', '2022-03-17 00:00:00'),
	(95, 'id95', 'id95', 'name95', 'addres95', 'email95', '2022-03-17 00:00:00'),
	(96, 'id96', 'id96', 'name96', 'addres96', 'email96', '2022-03-17 00:00:00'),
	(97, 'id97', 'id97', 'name97', 'addres97', 'email97', '2022-03-17 00:00:00'),
	(98, 'id98', 'id98', 'name98', 'addres98', 'email98', '2022-03-17 00:00:00'),
	(99, 'id99', 'id99', 'name99', 'addres99', 'email99', '2022-03-17 00:00:00'),
	(100, 'id100', 'id100', 'name100', 'addres100', 'email100', '2022-03-17 00:00:00'),
	(101, 'id101', 'id101', 'name101', 'addres101', 'email101', '2022-03-17 00:00:00'),
	(102, 'id102', 'id102', 'name102', 'addres102', 'email102', '2022-03-17 00:00:00'),
	(103, 'id103', 'id103', 'name103', 'addres103', 'email103', '2022-03-17 00:00:00'),
	(104, 'id104', 'id104', 'name104', 'addres104', 'email104', '2022-03-17 00:00:00'),
	(105, 'id105', 'id105', 'name105', 'addres105', 'email105', '2022-03-17 00:00:00'),
	(106, 'id106', 'id106', 'name106', 'addres106', 'email106', '2022-03-17 00:00:00'),
	(107, 'id107', 'id107', 'name107', 'addres107', 'email107', '2022-03-17 00:00:00'),
	(108, 'id108', 'id108', 'name108', 'addres108', 'email108', '2022-03-17 00:00:00'),
	(109, 'id109', 'id109', 'name109', 'addres109', 'email109', '2022-03-17 00:00:00'),
	(110, 'id110', 'id110', 'name110', 'addres110', 'email110', '2022-03-17 00:00:00'),
	(111, 'id111', 'id111', 'name111', 'addres111', 'email111', '2022-03-17 00:00:00'),
	(112, 'id112', 'id112', 'name112', 'addres112', 'email112', '2022-03-17 00:00:00'),
	(113, 'id113', 'id113', 'name113', 'addres113', 'email113', '2022-03-17 00:00:00'),
	(114, 'id114', 'id114', 'name114', 'addres114', 'email114', '2022-03-17 00:00:00'),
	(115, 'id115', 'id115', 'name115', 'addres115', 'email115', '2022-03-17 00:00:00'),
	(116, 'id116', 'id116', 'name116', 'addres116', 'email116', '2022-03-17 00:00:00'),
	(117, 'id117', 'id117', 'name117', 'addres117', 'email117', '2022-03-17 00:00:00'),
	(118, 'id118', 'id118', 'name118', 'addres118', 'email118', '2022-03-17 00:00:00'),
	(119, 'id119', 'id119', 'name119', 'addres119', 'email119', '2022-03-17 00:00:00'),
	(120, 'id120', 'id120', 'name120', 'addres120', 'email120', '2022-03-17 00:00:00'),
	(121, 'id121', 'id121', 'name121', 'addres121', 'email121', '2022-03-17 00:00:00'),
	(122, 'id122', 'id122', 'name122', 'addres122', 'email122', '2022-03-17 00:00:00'),
	(123, 'id123', 'id123', 'name123', 'addres123', 'email123', '2022-03-17 00:00:00'),
	(124, 'id124', 'id124', 'name124', 'addres124', 'email124', '2022-03-17 00:00:00'),
	(125, 'id125', 'id125', 'name125', 'addres125', 'email125', '2022-03-17 00:00:00'),
	(126, 'id126', 'id126', 'name126', 'addres126', 'email126', '2022-03-17 00:00:00'),
	(127, 'id127', 'id127', 'name127', 'addres127', 'email127', '2022-03-17 00:00:00'),
	(128, 'id128', 'id128', 'name128', 'addres128', 'email128', '2022-03-17 00:00:00'),
	(129, 'id129', 'id129', 'name129', 'addres129', 'email129', '2022-03-17 00:00:00'),
	(130, 'id130', 'id130', 'name130', 'addres130', 'email130', '2022-03-17 00:00:00'),
	(131, 'id131', 'id131', 'name131', 'addres131', 'email131', '2022-03-17 00:00:00'),
	(132, 'id132', 'id132', 'name132', 'addres132', 'email132', '2022-03-17 00:00:00'),
	(133, 'id133', 'id133', 'name133', 'addres133', 'email133', '2022-03-17 00:00:00'),
	(134, 'id134', 'id134', 'name134', 'addres134', 'email134', '2022-03-17 00:00:00'),
	(135, 'id135', 'id135', 'name135', 'addres135', 'email135', '2022-03-17 00:00:00'),
	(136, 'id136', 'id136', 'name136', 'addres136', 'email136', '2022-03-17 00:00:00'),
	(137, 'id137', 'id137', 'name137', 'addres137', 'email137', '2022-03-17 00:00:00'),
	(138, 'id138', 'id138', 'name138', 'addres138', 'email138', '2022-03-17 00:00:00'),
	(139, 'id139', 'id139', 'name139', 'addres139', 'email139', '2022-03-17 00:00:00'),
	(140, 'id140', 'id140', 'name140', 'addres140', 'email140', '2022-03-17 00:00:00'),
	(141, 'id141', 'id141', 'name141', 'addres141', 'email141', '2022-03-17 00:00:00'),
	(142, 'id142', 'id142', 'name142', 'addres142', 'email142', '2022-03-17 00:00:00'),
	(143, 'id143', 'id143', 'name143', 'addres143', 'email143', '2022-03-17 00:00:00'),
	(144, 'id144', 'id144', 'name144', 'addres144', 'email144', '2022-03-17 00:00:00'),
	(145, 'id145', 'id145', 'name145', 'addres145', 'email145', '2022-03-17 00:00:00'),
	(146, 'id146', 'id146', 'name146', 'addres146', 'email146', '2022-03-17 00:00:00'),
	(147, 'id147', 'id147', 'name147', 'addres147', 'email147', '2022-03-17 00:00:00'),
	(148, 'id148', 'id148', 'name148', 'addres148', 'email148', '2022-03-17 00:00:00'),
	(149, 'id149', 'id149', 'name149', 'addres149', 'email149', '2022-03-17 00:00:00'),
	(150, 'id150', 'id150', 'name150', 'addres150', 'email150', '2022-03-17 00:00:00'),
	(151, 'id151', 'id151', 'name151', 'addres151', 'email151', '2022-03-17 00:00:00'),
	(152, 'id152', 'id152', 'name152', 'addres152', 'email152', '2022-03-17 00:00:00'),
	(153, 'id153', 'id153', 'name153', 'addres153', 'email153', '2022-03-17 00:00:00'),
	(154, 'id154', 'id154', 'name154', 'addres154', 'email154', '2022-03-17 00:00:00'),
	(155, 'id155', 'id155', 'name155', 'addres155', 'email155', '2022-03-17 00:00:00'),
	(156, 'id156', 'id156', 'name156', 'addres156', 'email156', '2022-03-17 00:00:00'),
	(157, 'id157', 'id157', 'name157', 'addres157', 'email157', '2022-03-17 00:00:00'),
	(158, 'id158', 'id158', 'name158', 'addres158', 'email158', '2022-03-17 00:00:00'),
	(159, 'id159', 'id159', 'name159', 'addres159', 'email159', '2022-03-17 00:00:00'),
	(160, 'id160', 'id160', 'name160', 'addres160', 'email160', '2022-03-17 00:00:00'),
	(161, 'id161', 'id161', 'name161', 'addres161', 'email161', '2022-03-17 00:00:00'),
	(162, 'id162', 'id162', 'name162', 'addres162', 'email162', '2022-03-17 00:00:00'),
	(163, 'id163', 'id163', 'name163', 'addres163', 'email163', '2022-03-17 00:00:00'),
	(164, 'id164', 'id164', 'name164', 'addres164', 'email164', '2022-03-17 00:00:00'),
	(165, 'id165', 'id165', 'name165', 'addres165', 'email165', '2022-03-17 00:00:00'),
	(166, 'id166', 'id166', 'name166', 'addres166', 'email166', '2022-03-17 00:00:00'),
	(167, 'id167', 'id167', 'name167', 'addres167', 'email167', '2022-03-17 00:00:00'),
	(168, 'id168', 'id168', 'name168', 'addres168', 'email168', '2022-03-17 00:00:00'),
	(169, 'id169', 'id169', 'name169', 'addres169', 'email169', '2022-03-17 00:00:00'),
	(170, 'id170', 'id170', 'name170', 'addres170', 'email170', '2022-03-17 00:00:00'),
	(171, 'id171', 'id171', 'name171', 'addres171', 'email171', '2022-03-17 00:00:00'),
	(172, 'id172', 'id172', 'name172', 'addres172', 'email172', '2022-03-17 00:00:00'),
	(173, 'id173', 'id173', 'name173', 'addres173', 'email173', '2022-03-17 00:00:00'),
	(174, 'id174', 'id174', 'name174', 'addres174', 'email174', '2022-03-17 00:00:00'),
	(175, 'id175', 'id175', 'name175', 'addres175', 'email175', '2022-03-17 00:00:00'),
	(176, 'id176', 'id176', 'name176', 'addres176', 'email176', '2022-03-17 00:00:00'),
	(177, 'id177', 'id177', 'name177', 'addres177', 'email177', '2022-03-17 00:00:00'),
	(178, 'id178', 'id178', 'name178', 'addres178', 'email178', '2022-03-17 00:00:00'),
	(179, 'id179', 'id179', 'name179', 'addres179', 'email179', '2022-03-17 00:00:00'),
	(180, 'id180', 'id180', 'name180', 'addres180', 'email180', '2022-03-17 00:00:00'),
	(181, 'id181', 'id181', 'name181', 'addres181', 'email181', '2022-03-17 00:00:00'),
	(182, 'id182', 'id182', 'name182', 'addres182', 'email182', '2022-03-17 00:00:00'),
	(183, 'id183', 'id183', 'name183', 'addres183', 'email183', '2022-03-17 00:00:00'),
	(184, 'id184', 'id184', 'name184', 'addres184', 'email184', '2022-03-17 00:00:00'),
	(185, 'id185', 'id185', 'name185', 'addres185', 'email185', '2022-03-17 00:00:00'),
	(186, 'id186', 'id186', 'name186', 'addres186', 'email186', '2022-03-17 00:00:00'),
	(187, 'id187', 'id187', 'name187', 'addres187', 'email187', '2022-03-17 00:00:00'),
	(188, 'id188', 'id188', 'name188', 'addres188', 'email188', '2022-03-17 00:00:00'),
	(189, 'id189', 'id189', 'name189', 'addres189', 'email189', '2022-03-17 00:00:00'),
	(190, 'id190', 'id190', 'name190', 'addres190', 'email190', '2022-03-17 00:00:00'),
	(191, 'id191', 'id191', 'name191', 'addres191', 'email191', '2022-03-17 00:00:00'),
	(192, 'id192', 'id192', 'name192', 'addres192', 'email192', '2022-03-17 00:00:00'),
	(193, 'id193', 'id193', 'name193', 'addres193', 'email193', '2022-03-17 00:00:00'),
	(194, 'id194', 'id194', 'name194', 'addres194', 'email194', '2022-03-17 00:00:00'),
	(195, 'id195', 'id195', 'name195', 'addres195', 'email195', '2022-03-17 00:00:00'),
	(196, 'id196', 'id196', 'name196', 'addres196', 'email196', '2022-03-17 00:00:00'),
	(197, 'id197', 'id197', 'name197', 'addres197', 'email197', '2022-03-17 00:00:00'),
	(198, 'id198', 'id198', 'name198', 'addres198', 'email198', '2022-03-17 00:00:00'),
	(199, 'id199', 'id199', 'name199', 'addres199', 'email199', '2022-03-17 00:00:00'),
	(200, 'id200', 'id200', 'name200', 'addres200', 'email200', '2022-03-17 00:00:00'),
	(201, 'id201', 'id201', 'name201', 'addres201', 'email201', '2022-03-17 00:00:00'),
	(202, 'id202', 'id202', 'name202', 'addres202', 'email202', '2022-03-17 00:00:00'),
	(203, 'id203', 'id203', 'name203', 'addres203', 'email203', '2022-03-17 00:00:00'),
	(204, 'id204', 'id204', 'name204', 'addres204', 'email204', '2022-03-17 00:00:00'),
	(205, 'id205', 'id205', 'name205', 'addres205', 'email205', '2022-03-17 00:00:00'),
	(206, 'id206', 'id206', 'name206', 'addres206', 'email206', '2022-03-17 00:00:00'),
	(207, 'id207', 'id207', 'name207', 'addres207', 'email207', '2022-03-17 00:00:00'),
	(208, 'id208', 'id208', 'name208', 'addres208', 'email208', '2022-03-17 00:00:00'),
	(209, 'id209', 'id209', 'name209', 'addres209', 'email209', '2022-03-17 00:00:00'),
	(210, 'id210', 'id210', 'name210', 'addres210', 'email210', '2022-03-17 00:00:00'),
	(211, 'id211', 'id211', 'name211', 'addres211', 'email211', '2022-03-17 00:00:00'),
	(212, 'id212', 'id212', 'name212', 'addres212', 'email212', '2022-03-17 00:00:00'),
	(213, 'id213', 'id213', 'name213', 'addres213', 'email213', '2022-03-17 00:00:00'),
	(214, 'id214', 'id214', 'name214', 'addres214', 'email214', '2022-03-17 00:00:00'),
	(215, 'id215', 'id215', 'name215', 'addres215', 'email215', '2022-03-17 00:00:00'),
	(216, 'id216', 'id216', 'name216', 'addres216', 'email216', '2022-03-17 00:00:00'),
	(217, 'id217', 'id217', 'name217', 'addres217', 'email217', '2022-03-17 00:00:00'),
	(218, 'id218', 'id218', 'name218', 'addres218', 'email218', '2022-03-17 00:00:00'),
	(219, 'id219', 'id219', 'name219', 'addres219', 'email219', '2022-03-17 00:00:00'),
	(220, 'id220', 'id220', 'name220', 'addres220', 'email220', '2022-03-17 00:00:00'),
	(221, 'id221', 'id221', 'name221', 'addres221', 'email221', '2022-03-17 00:00:00'),
	(222, 'id222', 'id222', 'name222', 'addres222', 'email222', '2022-03-17 00:00:00'),
	(223, 'id223', 'id223', 'name223', 'addres223', 'email223', '2022-03-17 00:00:00'),
	(224, 'id224', 'id224', 'name224', 'addres224', 'email224', '2022-03-17 00:00:00'),
	(225, 'id225', 'id225', 'name225', 'addres225', 'email225', '2022-03-17 00:00:00'),
	(226, 'id226', 'id226', 'name226', 'addres226', 'email226', '2022-03-17 00:00:00'),
	(227, 'id227', 'id227', 'name227', 'addres227', 'email227', '2022-03-17 00:00:00'),
	(228, 'id228', 'id228', 'name228', 'addres228', 'email228', '2022-03-17 00:00:00'),
	(229, 'id229', 'id229', 'name229', 'addres229', 'email229', '2022-03-17 00:00:00'),
	(230, 'id230', 'id230', 'name230', 'addres230', 'email230', '2022-03-17 00:00:00'),
	(231, 'id231', 'id231', 'name231', 'addres231', 'email231', '2022-03-17 00:00:00'),
	(232, 'id232', 'id232', 'name232', 'addres232', 'email232', '2022-03-17 00:00:00'),
	(233, 'id233', 'id233', 'name233', 'addres233', 'email233', '2022-03-17 00:00:00'),
	(234, 'id234', 'id234', 'name234', 'addres234', 'email234', '2022-03-17 00:00:00'),
	(235, 'id235', 'id235', 'name235', 'addres235', 'email235', '2022-03-17 00:00:00'),
	(236, 'id236', 'id236', 'name236', 'addres236', 'email236', '2022-03-17 00:00:00'),
	(237, 'id237', 'id237', 'name237', 'addres237', 'email237', '2022-03-17 00:00:00'),
	(238, 'id238', 'id238', 'name238', 'addres238', 'email238', '2022-03-17 00:00:00'),
	(239, 'id239', 'id239', 'name239', 'addres239', 'email239', '2022-03-17 00:00:00'),
	(240, 'id240', 'id240', 'name240', 'addres240', 'email240', '2022-03-17 00:00:00'),
	(241, 'id241', 'id241', 'name241', 'addres241', 'email241', '2022-03-17 00:00:00'),
	(242, 'id242', 'id242', 'name242', 'addres242', 'email242', '2022-03-17 00:00:00'),
	(243, 'id243', 'id243', 'name243', 'addres243', 'email243', '2022-03-17 00:00:00'),
	(244, 'id244', 'id244', 'name244', 'addres244', 'email244', '2022-03-17 00:00:00'),
	(245, 'id245', 'id245', 'name245', 'addres245', 'email245', '2022-03-17 00:00:00'),
	(246, 'id246', 'id246', 'name246', 'addres246', 'email246', '2022-03-17 00:00:00'),
	(247, 'id247', 'id247', 'name247', 'addres247', 'email247', '2022-03-17 00:00:00'),
	(248, 'id248', 'id248', 'name248', 'addres248', 'email248', '2022-03-17 00:00:00'),
	(249, 'id249', 'id249', 'name249', 'addres249', 'email249', '2022-03-17 00:00:00'),
	(250, 'id250', 'id250', 'name250', 'addres250', 'email250', '2022-03-17 00:00:00'),
	(251, 'id251', 'id251', 'name251', 'addres251', 'email251', '2022-03-17 00:00:00'),
	(252, 'id252', 'id252', 'name252', 'addres252', 'email252', '2022-03-17 00:00:00'),
	(253, 'id253', 'id253', 'name253', 'addres253', 'email253', '2022-03-17 00:00:00'),
	(254, 'id254', 'id254', 'name254', 'addres254', 'email254', '2022-03-17 00:00:00'),
	(255, 'id255', 'id255', 'name255', 'addres255', 'email255', '2022-03-17 00:00:00'),
	(256, 'id256', 'id256', 'name256', 'addres256', 'email256', '2022-03-17 00:00:00'),
	(257, 'id257', 'id257', 'name257', 'addres257', 'email257', '2022-03-17 00:00:00'),
	(258, 'id258', 'id258', 'name258', 'addres258', 'email258', '2022-03-17 00:00:00'),
	(259, 'id259', 'id259', 'name259', 'addres259', 'email259', '2022-03-17 00:00:00'),
	(260, 'id260', 'id260', 'name260', 'addres260', 'email260', '2022-03-17 00:00:00'),
	(261, 'id261', 'id261', 'name261', 'addres261', 'email261', '2022-03-17 00:00:00'),
	(262, 'id262', 'id262', 'name262', 'addres262', 'email262', '2022-03-17 00:00:00'),
	(263, 'id263', 'id263', 'name263', 'addres263', 'email263', '2022-03-17 00:00:00'),
	(264, 'id264', 'id264', 'name264', 'addres264', 'email264', '2022-03-17 00:00:00'),
	(265, 'id265', 'id265', 'name265', 'addres265', 'email265', '2022-03-17 00:00:00'),
	(266, 'id266', 'id266', 'name266', 'addres266', 'email266', '2022-03-17 00:00:00'),
	(267, 'id267', 'id267', 'name267', 'addres267', 'email267', '2022-03-17 00:00:00'),
	(268, 'id268', 'id268', 'name268', 'addres268', 'email268', '2022-03-17 00:00:00'),
	(269, 'id269', 'id269', 'name269', 'addres269', 'email269', '2022-03-17 00:00:00'),
	(270, 'id270', 'id270', 'name270', 'addres270', 'email270', '2022-03-17 00:00:00'),
	(271, 'id271', 'id271', 'name271', 'addres271', 'email271', '2022-03-17 00:00:00'),
	(272, 'id272', 'id272', 'name272', 'addres272', 'email272', '2022-03-17 00:00:00'),
	(273, 'id273', 'id273', 'name273', 'addres273', 'email273', '2022-03-17 00:00:00'),
	(274, 'id274', 'id274', 'name274', 'addres274', 'email274', '2022-03-17 00:00:00'),
	(275, 'id275', 'id275', 'name275', 'addres275', 'email275', '2022-03-17 00:00:00'),
	(276, 'id276', 'id276', 'name276', 'addres276', 'email276', '2022-03-17 00:00:00'),
	(277, 'id277', 'id277', 'name277', 'addres277', 'email277', '2022-03-17 00:00:00'),
	(278, 'id278', 'id278', 'name278', 'addres278', 'email278', '2022-03-17 00:00:00'),
	(279, 'id279', 'id279', 'name279', 'addres279', 'email279', '2022-03-17 00:00:00'),
	(280, 'id280', 'id280', 'name280', 'addres280', 'email280', '2022-03-17 00:00:00'),
	(281, 'id281', 'id281', 'name281', 'addres281', 'email281', '2022-03-17 00:00:00'),
	(282, 'id282', 'id282', 'name282', 'addres282', 'email282', '2022-03-17 00:00:00'),
	(283, 'id283', 'id283', 'name283', 'addres283', 'email283', '2022-03-17 00:00:00'),
	(284, 'id284', 'id284', 'name284', 'addres284', 'email284', '2022-03-17 00:00:00'),
	(285, 'id285', 'id285', 'name285', 'addres285', 'email285', '2022-03-17 00:00:00'),
	(286, 'id286', 'id286', 'name286', 'addres286', 'email286', '2022-03-17 00:00:00'),
	(287, 'id287', 'id287', 'name287', 'addres287', 'email287', '2022-03-17 00:00:00'),
	(288, 'id288', 'id288', 'name288', 'addres288', 'email288', '2022-03-17 00:00:00'),
	(289, 'id289', 'id289', 'name289', 'addres289', 'email289', '2022-03-17 00:00:00'),
	(290, 'id290', 'id290', 'name290', 'addres290', 'email290', '2022-03-17 00:00:00'),
	(291, 'id291', 'id291', 'name291', 'addres291', 'email291', '2022-03-17 00:00:00'),
	(292, 'id292', 'id292', 'name292', 'addres292', 'email292', '2022-03-17 00:00:00'),
	(293, 'id293', 'id293', 'name293', 'addres293', 'email293', '2022-03-17 00:00:00'),
	(294, 'id294', 'id294', 'name294', 'addres294', 'email294', '2022-03-17 00:00:00'),
	(295, 'id295', 'id295', 'name295', 'addres295', 'email295', '2022-03-17 00:00:00'),
	(296, 'id296', 'id296', 'name296', 'addres296', 'email296', '2022-03-17 00:00:00'),
	(297, 'id297', 'id297', 'name297', 'addres297', 'email297', '2022-03-17 00:00:00'),
	(298, 'id298', 'id298', 'name298', 'addres298', 'email298', '2022-03-17 00:00:00'),
	(299, 'id299', 'id299', 'name299', 'addres299', 'email299', '2022-03-17 00:00:00'),
	(300, 'id300', 'id300', 'name300', 'addres300', 'email300', '2022-03-17 00:00:00'),
	(301, 'id301', 'id301', 'name301', 'addres301', 'email301', '2022-03-17 00:00:00'),
	(302, 'id302', 'id302', 'name302', 'addres302', 'email302', '2022-03-17 00:00:00'),
	(303, 'id303', 'id303', 'name303', 'addres303', 'email303', '2022-03-17 00:00:00'),
	(304, 'id304', 'id304', 'name304', 'addres304', 'email304', '2022-03-17 00:00:00'),
	(305, 'id305', 'id305', 'name305', 'addres305', 'email305', '2022-03-17 00:00:00'),
	(306, 'id306', 'id306', 'name306', 'addres306', 'email306', '2022-03-17 00:00:00'),
	(307, 'id307', 'id307', 'name307', 'addres307', 'email307', '2022-03-17 00:00:00'),
	(308, 'id308', 'id308', 'name308', 'addres308', 'email308', '2022-03-17 00:00:00'),
	(309, 'id309', 'id309', 'name309', 'addres309', 'email309', '2022-03-17 00:00:00'),
	(310, 'id310', 'id310', 'name310', 'addres310', 'email310', '2022-03-17 00:00:00'),
	(311, 'id311', 'id311', 'name311', 'addres311', 'email311', '2022-03-17 00:00:00'),
	(312, 'id312', 'id312', 'name312', 'addres312', 'email312', '2022-03-17 00:00:00'),
	(313, 'id313', 'id313', 'name313', 'addres313', 'email313', '2022-03-17 00:00:00'),
	(314, 'id314', 'id314', 'name314', 'addres314', 'email314', '2022-03-17 00:00:00'),
	(315, 'id315', 'id315', 'name315', 'addres315', 'email315', '2022-03-17 00:00:00'),
	(316, 'id315', 'id315', 'name315', 'addres315', 'email315', '2022-03-17 00:00:00'),
	(317, 'test2', 'tes2', 'test2', 'test2', 'etste2', '2022-03-17 00:00:00');
/*!40000 ALTER TABLE `cust` ENABLE KEYS */;

-- 테이블 sawwell.django_admin_log 구조 내보내기
CREATE TABLE IF NOT EXISTS `django_admin_log` (
  `id` int(11) NOT NULL AUTO_INCREMENT,
  `action_time` datetime(6) NOT NULL,
  `object_id` longtext COLLATE utf8mb4_unicode_ci DEFAULT NULL,
  `object_repr` varchar(200) COLLATE utf8mb4_unicode_ci NOT NULL,
  `action_flag` smallint(5) unsigned NOT NULL CHECK (`action_flag` >= 0),
  `change_message` longtext COLLATE utf8mb4_unicode_ci NOT NULL,
  `content_type_id` int(11) DEFAULT NULL,
  `user_id` int(11) NOT NULL,
  PRIMARY KEY (`id`),
  KEY `django_admin_log_content_type_id_c4bce8eb_fk_django_co` (`content_type_id`),
  KEY `django_admin_log_user_id_c564eba6_fk_auth_user_id` (`user_id`),
  CONSTRAINT `django_admin_log_content_type_id_c4bce8eb_fk_django_co` FOREIGN KEY (`content_type_id`) REFERENCES `django_content_type` (`id`),
  CONSTRAINT `django_admin_log_user_id_c564eba6_fk_auth_user_id` FOREIGN KEY (`user_id`) REFERENCES `auth_user` (`id`)
) ENGINE=InnoDB DEFAULT CHARSET=utf8mb4 COLLATE=utf8mb4_unicode_ci;

-- 테이블 데이터 sawwell.django_admin_log:~0 rows (대략적) 내보내기
/*!40000 ALTER TABLE `django_admin_log` DISABLE KEYS */;
/*!40000 ALTER TABLE `django_admin_log` ENABLE KEYS */;

-- 테이블 sawwell.django_content_type 구조 내보내기
CREATE TABLE IF NOT EXISTS `django_content_type` (
  `id` int(11) NOT NULL AUTO_INCREMENT,
  `app_label` varchar(100) COLLATE utf8mb4_unicode_ci NOT NULL,
  `model` varchar(100) COLLATE utf8mb4_unicode_ci NOT NULL,
  PRIMARY KEY (`id`),
  UNIQUE KEY `django_content_type_app_label_model_76bd3d3b_uniq` (`app_label`,`model`)
) ENGINE=InnoDB AUTO_INCREMENT=16 DEFAULT CHARSET=utf8mb4 COLLATE=utf8mb4_unicode_ci;

-- 테이블 데이터 sawwell.django_content_type:~15 rows (대략적) 내보내기
/*!40000 ALTER TABLE `django_content_type` DISABLE KEYS */;
INSERT INTO `django_content_type` (`id`, `app_label`, `model`) VALUES
	(1, 'admin', 'logentry'),
	(3, 'auth', 'group'),
	(2, 'auth', 'permission'),
	(4, 'auth', 'user'),
	(5, 'contenttypes', 'contenttype'),
	(6, 'sessions', 'session'),
	(7, 'web', 'categori'),
	(8, 'web', 'ceo'),
	(9, 'web', 'cust'),
	(10, 'web', 'food'),
	(15, 'web', 'market'),
	(14, 'web', 'reply'),
	(13, 'web', 'review'),
	(11, 'web', 'seocho'),
	(12, 'web', 'seochofood');
/*!40000 ALTER TABLE `django_content_type` ENABLE KEYS */;

-- 테이블 sawwell.django_migrations 구조 내보내기
CREATE TABLE IF NOT EXISTS `django_migrations` (
  `id` bigint(20) NOT NULL AUTO_INCREMENT,
  `app` varchar(255) COLLATE utf8mb4_unicode_ci NOT NULL,
  `name` varchar(255) COLLATE utf8mb4_unicode_ci NOT NULL,
  `applied` datetime(6) NOT NULL,
  PRIMARY KEY (`id`)
) ENGINE=InnoDB AUTO_INCREMENT=20 DEFAULT CHARSET=utf8mb4 COLLATE=utf8mb4_unicode_ci;

-- 테이블 데이터 sawwell.django_migrations:~19 rows (대략적) 내보내기
/*!40000 ALTER TABLE `django_migrations` DISABLE KEYS */;
INSERT INTO `django_migrations` (`id`, `app`, `name`, `applied`) VALUES
	(1, 'contenttypes', '0001_initial', '2022-03-17 06:31:07.711648'),
	(2, 'auth', '0001_initial', '2022-03-17 06:31:08.276202'),
	(3, 'admin', '0001_initial', '2022-03-17 06:31:08.400496'),
	(4, 'admin', '0002_logentry_remove_auto_add', '2022-03-17 06:31:08.410074'),
	(5, 'admin', '0003_logentry_add_action_flag_choices', '2022-03-17 06:31:08.420084'),
	(6, 'contenttypes', '0002_remove_content_type_name', '2022-03-17 06:31:08.494102'),
	(7, 'auth', '0002_alter_permission_name_max_length', '2022-03-17 06:31:08.547939'),
	(8, 'auth', '0003_alter_user_email_max_length', '2022-03-17 06:31:08.581173'),
	(9, 'auth', '0004_alter_user_username_opts', '2022-03-17 06:31:08.592829'),
	(10, 'auth', '0005_alter_user_last_login_null', '2022-03-17 06:31:08.640664'),
	(11, 'auth', '0006_require_contenttypes_0002', '2022-03-17 06:31:08.645665'),
	(12, 'auth', '0007_alter_validators_add_error_messages', '2022-03-17 06:31:08.656544'),
	(13, 'auth', '0008_alter_user_username_max_length', '2022-03-17 06:31:08.687698'),
	(14, 'auth', '0009_alter_user_last_name_max_length', '2022-03-17 06:31:08.721900'),
	(15, 'auth', '0010_alter_group_name_max_length', '2022-03-17 06:31:08.754432'),
	(16, 'auth', '0011_update_proxy_permissions', '2022-03-17 06:31:08.765936'),
	(17, 'auth', '0012_alter_user_first_name_max_length', '2022-03-17 06:31:08.797267'),
	(18, 'sessions', '0001_initial', '2022-03-17 06:31:08.848190'),
	(19, 'web', '0001_initial', '2022-03-17 06:31:09.445094');
/*!40000 ALTER TABLE `django_migrations` ENABLE KEYS */;

-- 테이블 sawwell.django_session 구조 내보내기
CREATE TABLE IF NOT EXISTS `django_session` (
  `session_key` varchar(40) COLLATE utf8mb4_unicode_ci NOT NULL,
  `session_data` longtext COLLATE utf8mb4_unicode_ci NOT NULL,
  `expire_date` datetime(6) NOT NULL,
  PRIMARY KEY (`session_key`),
  KEY `django_session_expire_date_a5c62663` (`expire_date`)
) ENGINE=InnoDB DEFAULT CHARSET=utf8mb4 COLLATE=utf8mb4_unicode_ci;

-- 테이블 데이터 sawwell.django_session:~4 rows (대략적) 내보내기
/*!40000 ALTER TABLE `django_session` DISABLE KEYS */;
INSERT INTO `django_session` (`session_key`, `session_data`, `expire_date`) VALUES
	('8bs9o123v83hv6uk1mftclorrkr42xwx', 'eyJzZXNzaW9uaWQiOiJpZDE2In0:1nVVCv:SSB6rps7Ysi_NW0altImM_IKzr0wRDWvEdZH-h0nh70', '2022-04-02 09:17:09.542946'),
	('elvcl8zxpcxdk0t597d8u9yq90a06byk', 'e30:1nUmwT:_A18acRPjDq89viLWJpPkgYisqt3hpYxoolKF9xThvE', '2022-03-31 10:01:13.413504'),
	('trb84wng3zs6bzewt62nydago2da8uq6', 'eyJzZXNzaW9uaWQiOiJjZW8xaWQxIn0:1nUx11:A5_Av-7Hom5FdHFPPRJ-I12fFKAQIEttvYdFOhNaRaI', '2022-03-31 20:46:35.327563');
/*!40000 ALTER TABLE `django_session` ENABLE KEYS */;

-- 테이블 sawwell.food 구조 내보내기
CREATE TABLE IF NOT EXISTS `food` (
  `foodid` int(11) NOT NULL AUTO_INCREMENT,
  `name` varchar(30) COLLATE utf8mb4_unicode_ci DEFAULT NULL,
  `price` int(11) DEFAULT NULL,
  `regdate` date NOT NULL DEFAULT curdate(),
  PRIMARY KEY (`foodid`)
) ENGINE=InnoDB AUTO_INCREMENT=102 DEFAULT CHARSET=utf8mb4 COLLATE=utf8mb4_unicode_ci;

-- 테이블 데이터 sawwell.food:~101 rows (대략적) 내보내기
/*!40000 ALTER TABLE `food` DISABLE KEYS */;
INSERT INTO `food` (`foodid`, `name`, `price`, `regdate`) VALUES
	(1, 'food1', 7648, '2022-03-17'),
	(2, 'food2', 3856, '2022-03-17'),
	(3, 'food3', 9694, '2022-03-17'),
	(4, 'food4', 8311, '2022-03-17'),
	(5, 'food5', 3000, '2022-03-17'),
	(6, 'food6', 4849, '2022-03-17'),
	(7, 'food7', 8258, '2022-03-17'),
	(8, 'food8', 5969, '2022-03-17'),
	(9, 'food9', 3118, '2022-03-17'),
	(10, 'food10', 5751, '2022-03-17'),
	(11, 'food11', 7823, '2022-03-17'),
	(12, 'food12', 8344, '2022-03-17'),
	(13, 'food13', 7476, '2022-03-17'),
	(14, 'food14', 4084, '2022-03-17'),
	(15, 'food15', 5389, '2022-03-17'),
	(16, 'food16', 3413, '2022-03-17'),
	(17, 'food17', 1409, '2022-03-17'),
	(18, 'food18', 3775, '2022-03-17'),
	(19, 'food19', 5557, '2022-03-17'),
	(20, 'food20', 9834, '2022-03-17'),
	(21, 'food21', 8738, '2022-03-17'),
	(22, 'food22', 1991, '2022-03-17'),
	(23, 'food23', 2507, '2022-03-17'),
	(24, 'food24', 8110, '2022-03-17'),
	(25, 'food25', 5973, '2022-03-17'),
	(26, 'food26', 1302, '2022-03-17'),
	(27, 'food27', 2711, '2022-03-17'),
	(28, 'food28', 1656, '2022-03-17'),
	(29, 'food29', 7671, '2022-03-17'),
	(30, 'food30', 1869, '2022-03-17'),
	(31, 'food31', 7259, '2022-03-17'),
	(32, 'food32', 3062, '2022-03-17'),
	(33, 'food33', 4958, '2022-03-17'),
	(34, 'food34', 6712, '2022-03-17'),
	(35, 'food35', 5205, '2022-03-17'),
	(36, 'food36', 4817, '2022-03-17'),
	(37, 'food37', 4784, '2022-03-17'),
	(38, 'food38', 6265, '2022-03-17'),
	(39, 'food39', 4131, '2022-03-17'),
	(40, 'food40', 8564, '2022-03-17'),
	(41, 'food41', 7554, '2022-03-17'),
	(42, 'food42', 9386, '2022-03-17'),
	(43, 'food43', 1047, '2022-03-17'),
	(44, 'food44', 4570, '2022-03-17'),
	(45, 'food45', 5164, '2022-03-17'),
	(46, 'food46', 3841, '2022-03-17'),
	(47, 'food47', 9115, '2022-03-17'),
	(48, 'food48', 7425, '2022-03-17'),
	(49, 'food49', 6063, '2022-03-17'),
	(50, 'food50', 5263, '2022-03-17'),
	(51, 'food51', 8580, '2022-03-17'),
	(52, 'food52', 7472, '2022-03-17'),
	(53, 'food53', 3928, '2022-03-17'),
	(54, 'food54', 9237, '2022-03-17'),
	(55, 'food55', 1427, '2022-03-17'),
	(56, 'food56', 2777, '2022-03-17'),
	(57, 'food57', 1243, '2022-03-17'),
	(58, 'food58', 3301, '2022-03-17'),
	(59, 'food59', 6591, '2022-03-17'),
	(60, 'food60', 3908, '2022-03-17'),
	(61, 'food61', 6345, '2022-03-17'),
	(62, 'food62', 8477, '2022-03-17'),
	(63, 'food63', 4766, '2022-03-17'),
	(64, 'food64', 9689, '2022-03-17'),
	(65, 'food65', 5173, '2022-03-17'),
	(66, 'food66', 3611, '2022-03-17'),
	(67, 'food67', 9623, '2022-03-17'),
	(68, 'food68', 4021, '2022-03-17'),
	(69, 'food69', 1688, '2022-03-17'),
	(70, 'food70', 1316, '2022-03-17'),
	(71, 'food71', 8311, '2022-03-17'),
	(72, 'food72', 5886, '2022-03-17'),
	(73, 'food73', 5596, '2022-03-17'),
	(74, 'food74', 6848, '2022-03-17'),
	(75, 'food75', 9718, '2022-03-17'),
	(76, 'food76', 7945, '2022-03-17'),
	(77, 'food77', 6317, '2022-03-17'),
	(78, 'food78', 5941, '2022-03-17'),
	(79, 'food79', 9409, '2022-03-17'),
	(80, 'food80', 7851, '2022-03-17'),
	(81, 'food81', 8925, '2022-03-17'),
	(82, 'food82', 5854, '2022-03-17'),
	(83, 'food83', 6847, '2022-03-17'),
	(84, 'food84', 9316, '2022-03-17'),
	(85, 'food85', 8258, '2022-03-17'),
	(86, 'food86', 7597, '2022-03-17'),
	(87, 'food87', 1360, '2022-03-17'),
	(88, 'food88', 4662, '2022-03-17'),
	(89, 'food89', 1545, '2022-03-17'),
	(90, 'food90', 5509, '2022-03-17'),
	(91, 'food91', 5285, '2022-03-17'),
	(92, 'food92', 7391, '2022-03-17'),
	(93, 'food93', 4758, '2022-03-17'),
	(94, 'food94', 8300, '2022-03-17'),
	(95, 'food95', 9368, '2022-03-17'),
	(96, 'food96', 1445, '2022-03-17'),
	(97, 'food97', 3496, '2022-03-17'),
	(98, 'food98', 8087, '2022-03-17'),
	(99, 'food99', 3026, '2022-03-17'),
	(100, 'food100', 5975, '2022-03-17'),
	(101, 'food100', 5975, '2022-03-17');
/*!40000 ALTER TABLE `food` ENABLE KEYS */;

-- 테이블 sawwell.market 구조 내보내기
CREATE TABLE IF NOT EXISTS `market` (
  `marketno` int(11) NOT NULL AUTO_INCREMENT,
  `marketname` varchar(100) COLLATE utf8mb4_unicode_ci DEFAULT NULL,
  `marketaddress` varchar(100) COLLATE utf8mb4_unicode_ci DEFAULT NULL,
  `regdate` date NOT NULL DEFAULT curdate(),
  `open` time(6) DEFAULT NULL,
  `close` time(6) DEFAULT NULL,
  `holiday` date DEFAULT NULL,
  `hit` int(11) DEFAULT NULL,
  `cid` int(11) NOT NULL,
  `foodid` int(11) NOT NULL,
  PRIMARY KEY (`marketno`),
  KEY `market_cid_4e5e1731_fk_categori_cid` (`cid`),
  KEY `market_foodid_12a6a60c_fk_food_foodid` (`foodid`),
  CONSTRAINT `market_cid_4e5e1731_fk_categori_cid` FOREIGN KEY (`cid`) REFERENCES `categori` (`cid`),
  CONSTRAINT `market_foodid_12a6a60c_fk_food_foodid` FOREIGN KEY (`foodid`) REFERENCES `food` (`foodid`)
) ENGINE=InnoDB DEFAULT CHARSET=utf8mb4 COLLATE=utf8mb4_unicode_ci;

-- 테이블 데이터 sawwell.market:~0 rows (대략적) 내보내기
/*!40000 ALTER TABLE `market` DISABLE KEYS */;
/*!40000 ALTER TABLE `market` ENABLE KEYS */;

-- 테이블 sawwell.reply 구조 내보내기
CREATE TABLE IF NOT EXISTS `reply` (
  `replyid` int(11) NOT NULL AUTO_INCREMENT,
  `pcontent` varchar(100) COLLATE utf8mb4_unicode_ci DEFAULT NULL,
  `regdate` date NOT NULL DEFAULT curdate(),
  `ceoid` int(11) NOT NULL,
  `reviewno` int(11) NOT NULL,
  `seochono` int(11) NOT NULL,
  PRIMARY KEY (`replyid`),
  KEY `reply_ceoid_7349085f_fk_ceo_ceoid` (`ceoid`),
  KEY `reply_seochono_a0822640_fk_seocho_seochono` (`seochono`),
  KEY `reply_reviewno_8b50adfa_fk_review_reviewno` (`reviewno`),
  CONSTRAINT `reply_ceoid_7349085f_fk_ceo_ceoid` FOREIGN KEY (`ceoid`) REFERENCES `ceo` (`ceoid`),
  CONSTRAINT `reply_reviewno_8b50adfa_fk_review_reviewno` FOREIGN KEY (`reviewno`) REFERENCES `review` (`reviewno`) ON DELETE CASCADE,
  CONSTRAINT `reply_seochono_a0822640_fk_seocho_seochono` FOREIGN KEY (`seochono`) REFERENCES `seocho` (`seochono`)
) ENGINE=InnoDB AUTO_INCREMENT=317 DEFAULT CHARSET=utf8mb4 COLLATE=utf8mb4_unicode_ci;

-- 테이블 데이터 sawwell.reply:~308 rows (대략적) 내보내기
/*!40000 ALTER TABLE `reply` DISABLE KEYS */;
INSERT INTO `reply` (`replyid`, `pcontent`, `regdate`, `ceoid`, `reviewno`, `seochono`) VALUES
	(6, 'market6ceo6id6', '2022-03-17', 6, 6, 6),
	(8, 'market8ceo8id8', '2022-03-17', 8, 8, 8),
	(10, 'market10ceo10id10', '2022-03-17', 10, 10, 10),
	(11, 'market11ceo11id11', '2022-03-17', 11, 11, 11),
	(12, 'market12ceo12id12', '2022-03-17', 12, 12, 12),
	(13, 'market13ceo13id13', '2022-03-17', 13, 13, 13),
	(15, 'market15ceo15id15', '2022-03-17', 15, 15, 15),
	(16, 'market16ceo16id16', '2022-03-17', 16, 16, 16),
	(17, 'market17ceo17id17', '2022-03-17', 17, 17, 17),
	(18, 'market18ceo18id18', '2022-03-17', 18, 18, 18),
	(19, 'market19ceo19id19', '2022-03-17', 19, 19, 19),
	(21, 'market21ceo21id21', '2022-03-17', 21, 21, 21),
	(22, 'market22ceo22id22', '2022-03-17', 22, 22, 22),
	(23, 'market23ceo23id23', '2022-03-17', 23, 23, 23),
	(24, 'market24ceo24id24', '2022-03-17', 24, 24, 24),
	(25, 'market25ceo25id25', '2022-03-17', 25, 25, 25),
	(26, 'market26ceo26id26', '2022-03-17', 26, 26, 26),
	(27, 'market27ceo27id27', '2022-03-17', 27, 27, 27),
	(28, 'market28ceo28id28', '2022-03-17', 28, 28, 28),
	(29, 'market29ceo29id29', '2022-03-17', 29, 29, 29),
	(30, 'market30ceo30id30', '2022-03-17', 30, 30, 30),
	(31, 'market31ceo31id31', '2022-03-17', 31, 31, 31),
	(32, 'market32ceo32id32', '2022-03-17', 32, 32, 32),
	(33, 'market33ceo33id33', '2022-03-17', 33, 33, 33),
	(34, 'market34ceo34id34', '2022-03-17', 34, 34, 34),
	(35, 'market35ceo35id35', '2022-03-17', 35, 35, 35),
	(36, 'market36ceo36id36', '2022-03-17', 36, 36, 36),
	(37, 'market37ceo37id37', '2022-03-17', 37, 37, 37),
	(38, 'market38ceo38id38', '2022-03-17', 38, 38, 38),
	(39, 'market39ceo39id39', '2022-03-17', 39, 39, 39),
	(40, 'market40ceo40id40', '2022-03-17', 40, 40, 40),
	(41, 'market41ceo41id41', '2022-03-17', 41, 41, 41),
	(42, 'market42ceo42id42', '2022-03-17', 42, 42, 42),
	(43, 'market43ceo43id43', '2022-03-17', 43, 43, 43),
	(44, 'market44ceo44id44', '2022-03-17', 44, 44, 44),
	(45, 'market45ceo45id45', '2022-03-17', 45, 45, 45),
	(46, 'market46ceo46id46', '2022-03-17', 46, 46, 46),
	(47, 'market47ceo47id47', '2022-03-17', 47, 47, 47),
	(48, 'market48ceo48id48', '2022-03-17', 48, 48, 48),
	(49, 'market49ceo49id49', '2022-03-17', 49, 49, 49),
	(50, 'market50ceo50id50', '2022-03-17', 50, 50, 50),
	(51, 'market51ceo51id51', '2022-03-17', 51, 51, 51),
	(52, 'market52ceo52id52', '2022-03-17', 52, 52, 52),
	(53, 'market53ceo53id53', '2022-03-17', 53, 53, 53),
	(54, 'market54ceo54id54', '2022-03-17', 54, 54, 54),
	(55, 'market55ceo55id55', '2022-03-17', 55, 55, 55),
	(56, 'market56ceo56id56', '2022-03-17', 56, 56, 56),
	(57, 'market57ceo57id57', '2022-03-17', 57, 57, 57),
	(58, 'market58ceo58id58', '2022-03-17', 58, 58, 58),
	(59, 'market59ceo59id59', '2022-03-17', 59, 59, 59),
	(60, 'market60ceo60id60', '2022-03-17', 60, 60, 60),
	(61, 'market61ceo61id61', '2022-03-17', 61, 61, 61),
	(62, 'market62ceo62id62', '2022-03-17', 62, 62, 62),
	(63, 'market63ceo63id63', '2022-03-17', 63, 63, 63),
	(64, 'market64ceo64id64', '2022-03-17', 64, 64, 64),
	(65, 'market65ceo65id65', '2022-03-17', 65, 65, 65),
	(66, 'market66ceo66id66', '2022-03-17', 66, 66, 66),
	(67, 'market67ceo67id67', '2022-03-17', 67, 67, 67),
	(68, 'market68ceo68id68', '2022-03-17', 68, 68, 68),
	(69, 'market69ceo69id69', '2022-03-17', 69, 69, 69),
	(70, 'market70ceo70id70', '2022-03-17', 70, 70, 70),
	(71, 'market71ceo71id71', '2022-03-17', 71, 71, 71),
	(72, 'market72ceo72id72', '2022-03-17', 72, 72, 72),
	(73, 'market73ceo73id73', '2022-03-17', 73, 73, 73),
	(74, 'market74ceo74id74', '2022-03-17', 74, 74, 74),
	(75, 'market75ceo75id75', '2022-03-17', 75, 75, 75),
	(76, 'market76ceo76id76', '2022-03-17', 76, 76, 76),
	(77, 'market77ceo77id77', '2022-03-17', 77, 77, 77),
	(78, 'market78ceo78id78', '2022-03-17', 78, 78, 78),
	(79, 'market79ceo79id79', '2022-03-17', 79, 79, 79),
	(80, 'market80ceo80id80', '2022-03-17', 80, 80, 80),
	(81, 'market81ceo81id81', '2022-03-17', 81, 81, 81),
	(82, 'market82ceo82id82', '2022-03-17', 82, 82, 82),
	(83, 'market83ceo83id83', '2022-03-17', 83, 83, 83),
	(84, 'market84ceo84id84', '2022-03-17', 84, 84, 84),
	(85, 'market85ceo85id85', '2022-03-17', 85, 85, 85),
	(86, 'market86ceo86id86', '2022-03-17', 86, 86, 86),
	(87, 'market87ceo87id87', '2022-03-17', 87, 87, 87),
	(88, 'market88ceo88id88', '2022-03-17', 88, 88, 88),
	(89, 'market89ceo89id89', '2022-03-17', 89, 89, 89),
	(90, 'market90ceo90id90', '2022-03-17', 90, 90, 90),
	(91, 'market91ceo91id91', '2022-03-17', 91, 91, 91),
	(92, 'market92ceo92id92', '2022-03-17', 92, 92, 92),
	(93, 'market93ceo93id93', '2022-03-17', 93, 93, 93),
	(94, 'market94ceo94id94', '2022-03-17', 94, 94, 94),
	(95, 'market95ceo95id95', '2022-03-17', 95, 95, 95),
	(96, 'market96ceo96id96', '2022-03-17', 96, 96, 96),
	(97, 'market97ceo97id97', '2022-03-17', 97, 97, 97),
	(98, 'market98ceo98id98', '2022-03-17', 98, 98, 98),
	(99, 'market99ceo99id99', '2022-03-17', 99, 99, 99),
	(100, 'market100ceo100id100', '2022-03-17', 100, 100, 100),
	(101, 'market101ceo101id101', '2022-03-17', 101, 101, 101),
	(102, 'market102ceo102id102', '2022-03-17', 102, 102, 102),
	(103, 'market103ceo103id103', '2022-03-17', 103, 103, 103),
	(104, 'market104ceo104id104', '2022-03-17', 104, 104, 104),
	(105, 'market105ceo105id105', '2022-03-17', 105, 105, 105),
	(106, 'market106ceo106id106', '2022-03-17', 106, 106, 106),
	(107, 'market107ceo107id107', '2022-03-17', 107, 107, 107),
	(108, 'market108ceo108id108', '2022-03-17', 108, 108, 108),
	(109, 'market109ceo109id109', '2022-03-17', 109, 109, 109),
	(110, 'market110ceo110id110', '2022-03-17', 110, 110, 110),
	(111, 'market111ceo111id111', '2022-03-17', 111, 111, 111),
	(112, 'market112ceo112id112', '2022-03-17', 112, 112, 112),
	(113, 'market113ceo113id113', '2022-03-17', 113, 113, 113),
	(114, 'market114ceo114id114', '2022-03-17', 114, 114, 114),
	(115, 'market115ceo115id115', '2022-03-17', 115, 115, 115),
	(116, 'market116ceo116id116', '2022-03-17', 116, 116, 116),
	(117, 'market117ceo117id117', '2022-03-17', 117, 117, 117),
	(118, 'market118ceo118id118', '2022-03-17', 118, 118, 118),
	(119, 'market119ceo119id119', '2022-03-17', 119, 119, 119),
	(120, 'market120ceo120id120', '2022-03-17', 120, 120, 120),
	(121, 'market121ceo121id121', '2022-03-17', 121, 121, 121),
	(122, 'market122ceo122id122', '2022-03-17', 122, 122, 122),
	(123, 'market123ceo123id123', '2022-03-17', 123, 123, 123),
	(124, 'market124ceo124id124', '2022-03-17', 124, 124, 124),
	(125, 'market125ceo125id125', '2022-03-17', 125, 125, 125),
	(126, 'market126ceo126id126', '2022-03-17', 126, 126, 126),
	(127, 'market127ceo127id127', '2022-03-17', 127, 127, 127),
	(128, 'market128ceo128id128', '2022-03-17', 128, 128, 128),
	(129, 'market129ceo129id129', '2022-03-17', 129, 129, 129),
	(130, 'market130ceo130id130', '2022-03-17', 130, 130, 130),
	(131, 'market131ceo131id131', '2022-03-17', 131, 131, 131),
	(132, 'market132ceo132id132', '2022-03-17', 132, 132, 132),
	(133, 'market133ceo133id133', '2022-03-17', 133, 133, 133),
	(134, 'market134ceo134id134', '2022-03-17', 134, 134, 134),
	(135, 'market135ceo135id135', '2022-03-17', 135, 135, 135),
	(136, 'market136ceo136id136', '2022-03-17', 136, 136, 136),
	(137, 'market137ceo137id137', '2022-03-17', 137, 137, 137),
	(138, 'market138ceo138id138', '2022-03-17', 138, 138, 138),
	(139, 'market139ceo139id139', '2022-03-17', 139, 139, 139),
	(140, 'market140ceo140id140', '2022-03-17', 140, 140, 140),
	(141, 'market141ceo141id141', '2022-03-17', 141, 141, 141),
	(142, 'market142ceo142id142', '2022-03-17', 142, 142, 142),
	(143, 'market143ceo143id143', '2022-03-17', 143, 143, 143),
	(144, 'market144ceo144id144', '2022-03-17', 144, 144, 144),
	(145, 'market145ceo145id145', '2022-03-17', 145, 145, 145),
	(146, 'market146ceo146id146', '2022-03-17', 146, 146, 146),
	(147, 'market147ceo147id147', '2022-03-17', 147, 147, 147),
	(148, 'market148ceo148id148', '2022-03-17', 148, 148, 148),
	(149, 'market149ceo149id149', '2022-03-17', 149, 149, 149),
	(150, 'market150ceo150id150', '2022-03-17', 150, 150, 150),
	(151, 'market151ceo151id151', '2022-03-17', 151, 151, 151),
	(152, 'market152ceo152id152', '2022-03-17', 152, 152, 152),
	(153, 'market153ceo153id153', '2022-03-17', 153, 153, 153),
	(154, 'market154ceo154id154', '2022-03-17', 154, 154, 154),
	(155, 'market155ceo155id155', '2022-03-17', 155, 155, 155),
	(156, 'market156ceo156id156', '2022-03-17', 156, 156, 156),
	(157, 'market157ceo157id157', '2022-03-17', 157, 157, 157),
	(158, 'market158ceo158id158', '2022-03-17', 158, 158, 158),
	(159, 'market159ceo159id159', '2022-03-17', 159, 159, 159),
	(160, 'market160ceo160id160', '2022-03-17', 160, 160, 160),
	(161, 'market161ceo161id161', '2022-03-17', 161, 161, 161),
	(162, 'market162ceo162id162', '2022-03-17', 162, 162, 162),
	(163, 'market163ceo163id163', '2022-03-17', 163, 163, 163),
	(164, 'market164ceo164id164', '2022-03-17', 164, 164, 164),
	(165, 'market165ceo165id165', '2022-03-17', 165, 165, 165),
	(166, 'market166ceo166id166', '2022-03-17', 166, 166, 166),
	(167, 'market167ceo167id167', '2022-03-17', 167, 167, 167),
	(168, 'market168ceo168id168', '2022-03-17', 168, 168, 168),
	(169, 'market169ceo169id169', '2022-03-17', 169, 169, 169),
	(170, 'market170ceo170id170', '2022-03-17', 170, 170, 170),
	(171, 'market171ceo171id171', '2022-03-17', 171, 171, 171),
	(172, 'market172ceo172id172', '2022-03-17', 172, 172, 172),
	(173, 'market173ceo173id173', '2022-03-17', 173, 173, 173),
	(174, 'market174ceo174id174', '2022-03-17', 174, 174, 174),
	(175, 'market175ceo175id175', '2022-03-17', 175, 175, 175),
	(176, 'market176ceo176id176', '2022-03-17', 176, 176, 176),
	(177, 'market177ceo177id177', '2022-03-17', 177, 177, 177),
	(178, 'market178ceo178id178', '2022-03-17', 178, 178, 178),
	(179, 'market179ceo179id179', '2022-03-17', 179, 179, 179),
	(180, 'market180ceo180id180', '2022-03-17', 180, 180, 180),
	(181, 'market181ceo181id181', '2022-03-17', 181, 181, 181),
	(182, 'market182ceo182id182', '2022-03-17', 182, 182, 182),
	(183, 'market183ceo183id183', '2022-03-17', 183, 183, 183),
	(184, 'market184ceo184id184', '2022-03-17', 184, 184, 184),
	(185, 'market185ceo185id185', '2022-03-17', 185, 185, 185),
	(186, 'market186ceo186id186', '2022-03-17', 186, 186, 186),
	(187, 'market187ceo187id187', '2022-03-17', 187, 187, 187),
	(188, 'market188ceo188id188', '2022-03-17', 188, 188, 188),
	(189, 'market189ceo189id189', '2022-03-17', 189, 189, 189),
	(190, 'market190ceo190id190', '2022-03-17', 190, 190, 190),
	(191, 'market191ceo191id191', '2022-03-17', 191, 191, 191),
	(192, 'market192ceo192id192', '2022-03-17', 192, 192, 192),
	(193, 'market193ceo193id193', '2022-03-17', 193, 193, 193),
	(194, 'market194ceo194id194', '2022-03-17', 194, 194, 194),
	(195, 'market195ceo195id195', '2022-03-17', 195, 195, 195),
	(196, 'market196ceo196id196', '2022-03-17', 196, 196, 196),
	(197, 'market197ceo197id197', '2022-03-17', 197, 197, 197),
	(198, 'market198ceo198id198', '2022-03-17', 198, 198, 198),
	(199, 'market199ceo199id199', '2022-03-17', 199, 199, 199),
	(200, 'market200ceo200id200', '2022-03-17', 200, 200, 200),
	(201, 'market201ceo201id201', '2022-03-17', 201, 201, 201),
	(202, 'market202ceo202id202', '2022-03-17', 202, 202, 202),
	(203, 'market203ceo203id203', '2022-03-17', 203, 203, 203),
	(204, 'market204ceo204id204', '2022-03-17', 204, 204, 204),
	(205, 'market205ceo205id205', '2022-03-17', 205, 205, 205),
	(206, 'market206ceo206id206', '2022-03-17', 206, 206, 206),
	(207, 'market207ceo207id207', '2022-03-17', 207, 207, 207),
	(208, 'market208ceo208id208', '2022-03-17', 208, 208, 208),
	(209, 'market209ceo209id209', '2022-03-17', 209, 209, 209),
	(210, 'market210ceo210id210', '2022-03-17', 210, 210, 210),
	(211, 'market211ceo211id211', '2022-03-17', 211, 211, 211),
	(212, 'market212ceo212id212', '2022-03-17', 212, 212, 212),
	(213, 'market213ceo213id213', '2022-03-17', 213, 213, 213),
	(214, 'market214ceo214id214', '2022-03-17', 214, 214, 214),
	(215, 'market215ceo215id215', '2022-03-17', 215, 215, 215),
	(216, 'market216ceo216id216', '2022-03-17', 216, 216, 216),
	(217, 'market217ceo217id217', '2022-03-17', 217, 217, 217),
	(218, 'market218ceo218id218', '2022-03-17', 218, 218, 218),
	(219, 'market219ceo219id219', '2022-03-17', 219, 219, 219),
	(220, 'market220ceo220id220', '2022-03-17', 220, 220, 220),
	(221, 'market221ceo221id221', '2022-03-17', 221, 221, 221),
	(222, 'market222ceo222id222', '2022-03-17', 222, 222, 222),
	(223, 'market223ceo223id223', '2022-03-17', 223, 223, 223),
	(224, 'market224ceo224id224', '2022-03-17', 224, 224, 224),
	(225, 'market225ceo225id225', '2022-03-17', 225, 225, 225),
	(226, 'market226ceo226id226', '2022-03-17', 226, 226, 226),
	(227, 'market227ceo227id227', '2022-03-17', 227, 227, 227),
	(228, 'market228ceo228id228', '2022-03-17', 228, 228, 228),
	(229, 'market229ceo229id229', '2022-03-17', 229, 229, 229),
	(230, 'market230ceo230id230', '2022-03-17', 230, 230, 230),
	(231, 'market231ceo231id231', '2022-03-17', 231, 231, 231),
	(232, 'market232ceo232id232', '2022-03-17', 232, 232, 232),
	(233, 'market233ceo233id233', '2022-03-17', 233, 233, 233),
	(234, 'market234ceo234id234', '2022-03-17', 234, 234, 234),
	(235, 'market235ceo235id235', '2022-03-17', 235, 235, 235),
	(236, 'market236ceo236id236', '2022-03-17', 236, 236, 236),
	(237, 'market237ceo237id237', '2022-03-17', 237, 237, 237),
	(238, 'market238ceo238id238', '2022-03-17', 238, 238, 238),
	(239, 'market239ceo239id239', '2022-03-17', 239, 239, 239),
	(240, 'market240ceo240id240', '2022-03-17', 240, 240, 240),
	(241, 'market241ceo241id241', '2022-03-17', 241, 241, 241),
	(242, 'market242ceo242id242', '2022-03-17', 242, 242, 242),
	(243, 'market243ceo243id243', '2022-03-17', 243, 243, 243),
	(244, 'market244ceo244id244', '2022-03-17', 244, 244, 244),
	(245, 'market245ceo245id245', '2022-03-17', 245, 245, 245),
	(246, 'market246ceo246id246', '2022-03-17', 246, 246, 246),
	(247, 'market247ceo247id247', '2022-03-17', 247, 247, 247),
	(248, 'market248ceo248id248', '2022-03-17', 248, 248, 248),
	(249, 'market249ceo249id249', '2022-03-17', 249, 249, 249),
	(250, 'market250ceo250id250', '2022-03-17', 250, 250, 250),
	(251, 'market251ceo251id251', '2022-03-17', 251, 251, 251),
	(252, 'market252ceo252id252', '2022-03-17', 252, 252, 252),
	(253, 'market253ceo253id253', '2022-03-17', 253, 253, 253),
	(254, 'market254ceo254id254', '2022-03-17', 254, 254, 254),
	(255, 'market255ceo255id255', '2022-03-17', 255, 255, 255),
	(256, 'market256ceo256id256', '2022-03-17', 256, 256, 256),
	(257, 'market257ceo257id257', '2022-03-17', 257, 257, 257),
	(258, 'market258ceo258id258', '2022-03-17', 258, 258, 258),
	(259, 'market259ceo259id259', '2022-03-17', 259, 259, 259),
	(260, 'market260ceo260id260', '2022-03-17', 260, 260, 260),
	(261, 'market261ceo261id261', '2022-03-17', 261, 261, 261),
	(262, 'market262ceo262id262', '2022-03-17', 262, 262, 262),
	(263, 'market263ceo263id263', '2022-03-17', 263, 263, 263),
	(264, 'market264ceo264id264', '2022-03-17', 264, 264, 264),
	(265, 'market265ceo265id265', '2022-03-17', 265, 265, 265),
	(266, 'market266ceo266id266', '2022-03-17', 266, 266, 266),
	(267, 'market267ceo267id267', '2022-03-17', 267, 267, 267),
	(268, 'market268ceo268id268', '2022-03-17', 268, 268, 268),
	(269, 'market269ceo269id269', '2022-03-17', 269, 269, 269),
	(270, 'market270ceo270id270', '2022-03-17', 270, 270, 270),
	(271, 'market271ceo271id271', '2022-03-17', 271, 271, 271),
	(272, 'market272ceo272id272', '2022-03-17', 272, 272, 272),
	(273, 'market273ceo273id273', '2022-03-17', 273, 273, 273),
	(274, 'market274ceo274id274', '2022-03-17', 274, 274, 274),
	(275, 'market275ceo275id275', '2022-03-17', 275, 275, 275),
	(276, 'market276ceo276id276', '2022-03-17', 276, 276, 276),
	(277, 'market277ceo277id277', '2022-03-17', 277, 277, 277),
	(278, 'market278ceo278id278', '2022-03-17', 278, 278, 278),
	(279, 'market279ceo279id279', '2022-03-17', 279, 279, 279),
	(280, 'market280ceo280id280', '2022-03-17', 280, 280, 280),
	(281, 'market281ceo281id281', '2022-03-17', 281, 281, 281),
	(282, 'market282ceo282id282', '2022-03-17', 282, 282, 282),
	(283, 'market283ceo283id283', '2022-03-17', 283, 283, 283),
	(284, 'market284ceo284id284', '2022-03-17', 284, 284, 284),
	(285, 'market285ceo285id285', '2022-03-17', 285, 285, 285),
	(286, 'market286ceo286id286', '2022-03-17', 286, 286, 286),
	(287, 'market287ceo287id287', '2022-03-17', 287, 287, 287),
	(288, 'market288ceo288id288', '2022-03-17', 288, 288, 288),
	(289, 'market289ceo289id289', '2022-03-17', 289, 289, 289),
	(290, 'market290ceo290id290', '2022-03-17', 290, 290, 290),
	(291, 'market291ceo291id291', '2022-03-17', 291, 291, 291),
	(292, 'market292ceo292id292', '2022-03-17', 292, 292, 292),
	(293, 'market293ceo293id293', '2022-03-17', 293, 293, 293),
	(294, 'market294ceo294id294', '2022-03-17', 294, 294, 294),
	(295, 'market295ceo295id295', '2022-03-17', 295, 295, 295),
	(296, 'market296ceo296id296', '2022-03-17', 296, 296, 296),
	(297, 'market297ceo297id297', '2022-03-17', 297, 297, 297),
	(298, 'market298ceo298id298', '2022-03-17', 298, 298, 298),
	(299, 'market299ceo299id299', '2022-03-17', 299, 299, 299),
	(300, 'market300ceo300id300', '2022-03-17', 300, 300, 300),
	(301, 'market301ceo301id301', '2022-03-17', 301, 301, 301),
	(302, 'market302ceo302id302', '2022-03-17', 302, 302, 302),
	(303, 'market303ceo303id303', '2022-03-17', 303, 303, 303),
	(304, 'market304ceo304id304', '2022-03-17', 304, 304, 304),
	(305, 'market305ceo305id305', '2022-03-17', 305, 305, 305),
	(306, 'market306ceo306id306', '2022-03-17', 306, 306, 306),
	(307, 'market307ceo307id307', '2022-03-17', 307, 307, 307),
	(308, 'market308ceo308id308', '2022-03-17', 308, 308, 308),
	(309, 'market309ceo309id309', '2022-03-17', 309, 309, 309),
	(310, 'market310ceo310id310', '2022-03-17', 310, 310, 310),
	(311, 'market311ceo311id311', '2022-03-17', 311, 311, 311),
	(312, 'market312ceo312id312', '2022-03-17', 312, 312, 312),
	(313, 'market313ceo313id313', '2022-03-17', 313, 313, 313),
	(314, 'market314ceo314id314', '2022-03-17', 314, 314, 314),
	(315, 'market315ceo315id315', '2022-03-17', 315, 315, 315),
	(316, 'market315ceo315id315', '2022-03-17', 315, 315, 315);
/*!40000 ALTER TABLE `reply` ENABLE KEYS */;

-- 테이블 sawwell.review 구조 내보내기
CREATE TABLE IF NOT EXISTS `review` (
  `reviewno` int(11) NOT NULL AUTO_INCREMENT,
  `content` varchar(100) COLLATE utf8mb4_unicode_ci DEFAULT NULL,
  `star` double DEFAULT NULL,
  `regdate` date NOT NULL DEFAULT curdate(),
  `custno` int(11) NOT NULL,
  `seochono` int(11) NOT NULL,
  PRIMARY KEY (`reviewno`),
  KEY `review_custno_e35b6df4_fk_cust_custno` (`custno`),
  KEY `review_seochono_5ae7b559_fk_seocho_seochono` (`seochono`),
  CONSTRAINT `review_custno_e35b6df4_fk_cust_custno` FOREIGN KEY (`custno`) REFERENCES `cust` (`custno`) ON DELETE CASCADE,
  CONSTRAINT `review_seochono_5ae7b559_fk_seocho_seochono` FOREIGN KEY (`seochono`) REFERENCES `seocho` (`seochono`) ON DELETE CASCADE
) ENGINE=InnoDB AUTO_INCREMENT=347 DEFAULT CHARSET=utf8mb4 COLLATE=utf8mb4_unicode_ci;

-- 테이블 데이터 sawwell.review:~328 rows (대략적) 내보내기
/*!40000 ALTER TABLE `review` DISABLE KEYS */;
INSERT INTO `review` (`reviewno`, `content`, `star`, `regdate`, `custno`, `seochono`) VALUES
	(2, 'markettest2user2', 4, '2022-03-17', 2, 2),
	(3, 'markettest3user3', 3, '2022-03-17', 3, 3),
	(4, 'markettest4user4', 1, '2022-03-17', 4, 4),
	(5, 'markettest5user5', 4, '2022-03-17', 5, 5),
	(6, 'markettest6user6', 4, '2022-03-17', 6, 6),
	(7, 'markettest7user7', 4, '2022-03-17', 7, 7),
	(8, 'markettest8user8', 2, '2022-03-17', 8, 8),
	(9, 'markettest9user9', 2, '2022-03-17', 9, 9),
	(10, 'markettest10user10', 3, '2022-03-17', 10, 10),
	(11, 'markettest11user11', 2, '2022-03-17', 11, 11),
	(12, 'markettest12user12', 2, '2022-03-17', 12, 12),
	(13, 'markettest13user13', 3, '2022-03-17', 13, 13),
	(14, 'markettest14user14', 1, '2022-03-17', 14, 14),
	(15, 'markettest15user15', 4, '2022-03-17', 15, 15),
	(16, 'markettest16user16', 2, '2022-03-17', 16, 16),
	(17, 'markettest17user17', 2, '2022-03-17', 17, 17),
	(18, 'markettest18user18', 4, '2022-03-17', 18, 18),
	(19, 'markettest19user19', 1, '2022-03-17', 19, 19),
	(21, 'markettest21user21', 1, '2022-03-17', 21, 21),
	(22, 'markettest22user22', 4, '2022-03-17', 22, 22),
	(23, 'markettest23user23', 2, '2022-03-17', 23, 23),
	(24, 'markettest24user24', 4, '2022-03-17', 24, 24),
	(25, 'markettest25user25', 2, '2022-03-17', 25, 25),
	(26, 'markettest26user26', 4, '2022-03-17', 26, 26),
	(27, 'markettest27user27', 4, '2022-03-17', 27, 27),
	(28, 'markettest28user28', 4, '2022-03-17', 28, 28),
	(29, 'markettest29user29', 3, '2022-03-17', 29, 29),
	(30, 'markettest30user30', 4, '2022-03-17', 30, 30),
	(31, 'markettest31user31', 3, '2022-03-17', 31, 31),
	(32, 'markettest32user32', 4, '2022-03-17', 32, 32),
	(33, 'markettest33user33', 3, '2022-03-17', 33, 33),
	(34, 'markettest34user34', 1, '2022-03-17', 34, 34),
	(35, 'markettest35user35', 1, '2022-03-17', 35, 35),
	(36, 'markettest36user36', 3, '2022-03-17', 36, 36),
	(37, 'markettest37user37', 4, '2022-03-17', 37, 37),
	(38, 'markettest38user38', 1, '2022-03-17', 38, 38),
	(39, 'markettest39user39', 1, '2022-03-17', 39, 39),
	(40, 'markettest40user40', 3, '2022-03-17', 40, 40),
	(41, 'markettest41user41', 1, '2022-03-17', 41, 41),
	(42, 'markettest42user42', 3, '2022-03-17', 42, 42),
	(43, 'markettest43user43', 4, '2022-03-17', 43, 43),
	(44, 'markettest44user44', 4, '2022-03-17', 44, 44),
	(45, 'markettest45user45', 4, '2022-03-17', 45, 45),
	(46, 'markettest46user46', 3, '2022-03-17', 46, 46),
	(47, 'markettest47user47', 4, '2022-03-17', 47, 47),
	(48, 'markettest48user48', 3, '2022-03-17', 48, 48),
	(49, 'markettest49user49', 1, '2022-03-17', 49, 49),
	(50, 'markettest50user50', 4, '2022-03-17', 50, 50),
	(51, 'markettest51user51', 2, '2022-03-17', 51, 51),
	(52, 'markettest52user52', 3, '2022-03-17', 52, 52),
	(53, 'markettest53user53', 1, '2022-03-17', 53, 53),
	(54, 'markettest54user54', 1, '2022-03-17', 54, 54),
	(55, 'markettest55user55', 1, '2022-03-17', 55, 55),
	(56, 'markettest56user56', 4, '2022-03-17', 56, 56),
	(57, 'markettest57user57', 1, '2022-03-17', 57, 57),
	(58, 'markettest58user58', 1, '2022-03-17', 58, 58),
	(59, 'markettest59user59', 4, '2022-03-17', 59, 59),
	(60, 'markettest60user60', 1, '2022-03-17', 60, 60),
	(61, 'markettest61user61', 3, '2022-03-17', 61, 61),
	(62, 'markettest62user62', 3, '2022-03-17', 62, 62),
	(63, 'markettest63user63', 4, '2022-03-17', 63, 63),
	(64, 'markettest64user64', 1, '2022-03-17', 64, 64),
	(65, 'markettest65user65', 2, '2022-03-17', 65, 65),
	(66, 'markettest66user66', 3, '2022-03-17', 66, 66),
	(67, 'markettest67user67', 2, '2022-03-17', 67, 67),
	(68, 'markettest68user68', 3, '2022-03-17', 68, 68),
	(69, 'markettest69user69', 4, '2022-03-17', 69, 69),
	(70, 'markettest70user70', 3, '2022-03-17', 70, 70),
	(71, 'markettest71user71', 2, '2022-03-17', 71, 71),
	(72, 'markettest72user72', 2, '2022-03-17', 72, 72),
	(73, 'markettest73user73', 4, '2022-03-17', 73, 73),
	(74, 'markettest74user74', 1, '2022-03-17', 74, 74),
	(75, 'markettest75user75', 4, '2022-03-17', 75, 75),
	(76, 'markettest76user76', 4, '2022-03-17', 76, 76),
	(77, 'markettest77user77', 3, '2022-03-17', 77, 77),
	(78, 'markettest78user78', 4, '2022-03-17', 78, 78),
	(79, 'markettest79user79', 1, '2022-03-17', 79, 79),
	(80, 'markettest80user80', 4, '2022-03-17', 80, 80),
	(81, 'markettest81user81', 4, '2022-03-17', 81, 81),
	(82, 'markettest82user82', 4, '2022-03-17', 82, 82),
	(83, 'markettest83user83', 2, '2022-03-17', 83, 83),
	(84, 'markettest84user84', 1, '2022-03-17', 84, 84),
	(85, 'markettest85user85', 1, '2022-03-17', 85, 85),
	(86, 'markettest86user86', 1, '2022-03-17', 86, 86),
	(87, 'markettest87user87', 2, '2022-03-17', 87, 87),
	(88, 'markettest88user88', 2, '2022-03-17', 88, 88),
	(89, 'markettest89user89', 2, '2022-03-17', 89, 89),
	(90, 'markettest90user90', 4, '2022-03-17', 90, 90),
	(91, 'markettest91user91', 1, '2022-03-17', 91, 91),
	(92, 'markettest92user92', 1, '2022-03-17', 92, 92),
	(93, 'markettest93user93', 1, '2022-03-17', 93, 93),
	(94, 'markettest94user94', 3, '2022-03-17', 94, 94),
	(95, 'markettest95user95', 4, '2022-03-17', 95, 95),
	(96, 'markettest96user96', 4, '2022-03-17', 96, 96),
	(97, 'markettest97user97', 3, '2022-03-17', 97, 97),
	(98, 'markettest98user98', 1, '2022-03-17', 98, 98),
	(99, 'markettest99user99', 3, '2022-03-17', 99, 99),
	(100, 'markettest100user100', 4, '2022-03-17', 100, 100),
	(101, 'markettest101user101', 2, '2022-03-17', 101, 101),
	(102, 'markettest102user102', 2, '2022-03-17', 102, 102),
	(103, 'markettest103user103', 1, '2022-03-17', 103, 103),
	(104, 'markettest104user104', 3, '2022-03-17', 104, 104),
	(105, 'markettest105user105', 2, '2022-03-17', 105, 105),
	(106, 'markettest106user106', 4, '2022-03-17', 106, 106),
	(107, 'markettest107user107', 4, '2022-03-17', 107, 107),
	(108, 'markettest108user108', 2, '2022-03-17', 108, 108),
	(109, 'markettest109user109', 3, '2022-03-17', 109, 109),
	(110, 'markettest110user110', 3, '2022-03-17', 110, 110),
	(111, 'markettest111user111', 2, '2022-03-17', 111, 111),
	(112, 'markettest112user112', 1, '2022-03-17', 112, 112),
	(113, 'markettest113user113', 2, '2022-03-17', 113, 113),
	(114, 'markettest114user114', 4, '2022-03-17', 114, 114),
	(115, 'markettest115user115', 1, '2022-03-17', 115, 115),
	(116, 'markettest116user116', 1, '2022-03-17', 116, 116),
	(117, 'markettest117user117', 3, '2022-03-17', 117, 117),
	(118, 'markettest118user118', 1, '2022-03-17', 118, 118),
	(119, 'markettest119user119', 4, '2022-03-17', 119, 119),
	(120, 'markettest120user120', 2, '2022-03-17', 120, 120),
	(121, 'markettest121user121', 2, '2022-03-17', 121, 121),
	(122, 'markettest122user122', 1, '2022-03-17', 122, 122),
	(123, 'markettest123user123', 3, '2022-03-17', 123, 123),
	(124, 'markettest124user124', 2, '2022-03-17', 124, 124),
	(125, 'markettest125user125', 4, '2022-03-17', 125, 125),
	(126, 'markettest126user126', 3, '2022-03-17', 126, 126),
	(127, 'markettest127user127', 2, '2022-03-17', 127, 127),
	(128, 'markettest128user128', 3, '2022-03-17', 128, 128),
	(129, 'markettest129user129', 3, '2022-03-17', 129, 129),
	(130, 'markettest130user130', 4, '2022-03-17', 130, 130),
	(131, 'markettest131user131', 3, '2022-03-17', 131, 131),
	(132, 'markettest132user132', 3, '2022-03-17', 132, 132),
	(133, 'markettest133user133', 4, '2022-03-17', 133, 133),
	(134, 'markettest134user134', 1, '2022-03-17', 134, 134),
	(135, 'markettest135user135', 1, '2022-03-17', 135, 135),
	(136, 'markettest136user136', 2, '2022-03-17', 136, 136),
	(137, 'markettest137user137', 3, '2022-03-17', 137, 137),
	(138, 'markettest138user138', 2, '2022-03-17', 138, 138),
	(139, 'markettest139user139', 4, '2022-03-17', 139, 139),
	(140, 'markettest140user140', 1, '2022-03-17', 140, 140),
	(141, 'markettest141user141', 2, '2022-03-17', 141, 141),
	(142, 'markettest142user142', 2, '2022-03-17', 142, 142),
	(143, 'markettest143user143', 2, '2022-03-17', 143, 143),
	(144, 'markettest144user144', 4, '2022-03-17', 144, 144),
	(145, 'markettest145user145', 3, '2022-03-17', 145, 145),
	(146, 'markettest146user146', 4, '2022-03-17', 146, 146),
	(147, 'markettest147user147', 4, '2022-03-17', 147, 147),
	(148, 'markettest148user148', 1, '2022-03-17', 148, 148),
	(149, 'markettest149user149', 1, '2022-03-17', 149, 149),
	(150, 'markettest150user150', 1, '2022-03-17', 150, 150),
	(151, 'markettest151user151', 4, '2022-03-17', 151, 151),
	(152, 'markettest152user152', 4, '2022-03-17', 152, 152),
	(153, 'markettest153user153', 1, '2022-03-17', 153, 153),
	(154, 'markettest154user154', 2, '2022-03-17', 154, 154),
	(155, 'markettest155user155', 1, '2022-03-17', 155, 155),
	(156, 'markettest156user156', 1, '2022-03-17', 156, 156),
	(157, 'markettest157user157', 4, '2022-03-17', 157, 157),
	(158, 'markettest158user158', 4, '2022-03-17', 158, 158),
	(159, 'markettest159user159', 1, '2022-03-17', 159, 159),
	(160, 'markettest160user160', 2, '2022-03-17', 160, 160),
	(161, 'markettest161user161', 2, '2022-03-17', 161, 161),
	(162, 'markettest162user162', 4, '2022-03-17', 162, 162),
	(163, 'markettest163user163', 3, '2022-03-17', 163, 163),
	(164, 'markettest164user164', 4, '2022-03-17', 164, 164),
	(165, 'markettest165user165', 2, '2022-03-17', 165, 165),
	(166, 'markettest166user166', 2, '2022-03-17', 166, 166),
	(167, 'markettest167user167', 3, '2022-03-17', 167, 167),
	(168, 'markettest168user168', 3, '2022-03-17', 168, 168),
	(169, 'markettest169user169', 4, '2022-03-17', 169, 169),
	(170, 'markettest170user170', 2, '2022-03-17', 170, 170),
	(171, 'markettest171user171', 2, '2022-03-17', 171, 171),
	(172, 'markettest172user172', 2, '2022-03-17', 172, 172),
	(173, 'markettest173user173', 3, '2022-03-17', 173, 173),
	(174, 'markettest174user174', 4, '2022-03-17', 174, 174),
	(175, 'markettest175user175', 2, '2022-03-17', 175, 175),
	(176, 'markettest176user176', 2, '2022-03-17', 176, 176),
	(177, 'markettest177user177', 1, '2022-03-17', 177, 177),
	(178, 'markettest178user178', 2, '2022-03-17', 178, 178),
	(179, 'markettest179user179', 3, '2022-03-17', 179, 179),
	(180, 'markettest180user180', 1, '2022-03-17', 180, 180),
	(181, 'markettest181user181', 2, '2022-03-17', 181, 181),
	(182, 'markettest182user182', 3, '2022-03-17', 182, 182),
	(183, 'markettest183user183', 1, '2022-03-17', 183, 183),
	(184, 'markettest184user184', 4, '2022-03-17', 184, 184),
	(185, 'markettest185user185', 4, '2022-03-17', 185, 185),
	(186, 'markettest186user186', 2, '2022-03-17', 186, 186),
	(187, 'markettest187user187', 3, '2022-03-17', 187, 187),
	(188, 'markettest188user188', 4, '2022-03-17', 188, 188),
	(189, 'markettest189user189', 4, '2022-03-17', 189, 189),
	(190, 'markettest190user190', 3, '2022-03-17', 190, 190),
	(191, 'markettest191user191', 4, '2022-03-17', 191, 191),
	(192, 'markettest192user192', 3, '2022-03-17', 192, 192),
	(193, 'markettest193user193', 1, '2022-03-17', 193, 193),
	(194, 'markettest194user194', 3, '2022-03-17', 194, 194),
	(195, 'markettest195user195', 1, '2022-03-17', 195, 195),
	(196, 'markettest196user196', 4, '2022-03-17', 196, 196),
	(197, 'markettest197user197', 4, '2022-03-17', 197, 197),
	(198, 'markettest198user198', 4, '2022-03-17', 198, 198),
	(199, 'markettest199user199', 3, '2022-03-17', 199, 199),
	(200, 'markettest200user200', 1, '2022-03-17', 200, 200),
	(201, 'markettest201user201', 1, '2022-03-17', 201, 201),
	(202, 'markettest202user202', 4, '2022-03-17', 202, 202),
	(203, 'markettest203user203', 4, '2022-03-17', 203, 203),
	(204, 'markettest204user204', 4, '2022-03-17', 204, 204),
	(205, 'markettest205user205', 4, '2022-03-17', 205, 205),
	(206, 'markettest206user206', 1, '2022-03-17', 206, 206),
	(207, 'markettest207user207', 4, '2022-03-17', 207, 207),
	(208, 'markettest208user208', 2, '2022-03-17', 208, 208),
	(209, 'markettest209user209', 1, '2022-03-17', 209, 209),
	(210, 'markettest210user210', 4, '2022-03-17', 210, 210),
	(211, 'markettest211user211', 3, '2022-03-17', 211, 211),
	(212, 'markettest212user212', 1, '2022-03-17', 212, 212),
	(213, 'markettest213user213', 4, '2022-03-17', 213, 213),
	(214, 'markettest214user214', 4, '2022-03-17', 214, 214),
	(215, 'markettest215user215', 3, '2022-03-17', 215, 215),
	(216, 'markettest216user216', 2, '2022-03-17', 216, 216),
	(217, 'markettest217user217', 1, '2022-03-17', 217, 217),
	(218, 'markettest218user218', 2, '2022-03-17', 218, 218),
	(219, 'markettest219user219', 4, '2022-03-17', 219, 219),
	(220, 'markettest220user220', 1, '2022-03-17', 220, 220),
	(221, 'markettest221user221', 4, '2022-03-17', 221, 221),
	(222, 'markettest222user222', 2, '2022-03-17', 222, 222),
	(223, 'markettest223user223', 3, '2022-03-17', 223, 223),
	(224, 'markettest224user224', 2, '2022-03-17', 224, 224),
	(225, 'markettest225user225', 3, '2022-03-17', 225, 225),
	(226, 'markettest226user226', 1, '2022-03-17', 226, 226),
	(227, 'markettest227user227', 3, '2022-03-17', 227, 227),
	(228, 'markettest228user228', 1, '2022-03-17', 228, 228),
	(229, 'markettest229user229', 2, '2022-03-17', 229, 229),
	(230, 'markettest230user230', 1, '2022-03-17', 230, 230),
	(231, 'markettest231user231', 3, '2022-03-17', 231, 231),
	(232, 'markettest232user232', 4, '2022-03-17', 232, 232),
	(233, 'markettest233user233', 3, '2022-03-17', 233, 233),
	(234, 'markettest234user234', 3, '2022-03-17', 234, 234),
	(235, 'markettest235user235', 2, '2022-03-17', 235, 235),
	(236, 'markettest236user236', 1, '2022-03-17', 236, 236),
	(237, 'markettest237user237', 3, '2022-03-17', 237, 237),
	(238, 'markettest238user238', 3, '2022-03-17', 238, 238),
	(239, 'markettest239user239', 3, '2022-03-17', 239, 239),
	(240, 'markettest240user240', 4, '2022-03-17', 240, 240),
	(241, 'markettest241user241', 4, '2022-03-17', 241, 241),
	(242, 'markettest242user242', 4, '2022-03-17', 242, 242),
	(243, 'markettest243user243', 1, '2022-03-17', 243, 243),
	(244, 'markettest244user244', 2, '2022-03-17', 244, 244),
	(245, 'markettest245user245', 2, '2022-03-17', 245, 245),
	(246, 'markettest246user246', 1, '2022-03-17', 246, 246),
	(247, 'markettest247user247', 3, '2022-03-17', 247, 247),
	(248, 'markettest248user248', 3, '2022-03-17', 248, 248),
	(249, 'markettest249user249', 3, '2022-03-17', 249, 249),
	(250, 'markettest250user250', 4, '2022-03-17', 250, 250),
	(251, 'markettest251user251', 4, '2022-03-17', 251, 251),
	(252, 'markettest252user252', 2, '2022-03-17', 252, 252),
	(253, 'markettest253user253', 1, '2022-03-17', 253, 253),
	(254, 'markettest254user254', 4, '2022-03-17', 254, 254),
	(255, 'markettest255user255', 4, '2022-03-17', 255, 255),
	(256, 'markettest256user256', 2, '2022-03-17', 256, 256),
	(257, 'markettest257user257', 1, '2022-03-17', 257, 257),
	(258, 'markettest258user258', 4, '2022-03-17', 258, 258),
	(259, 'markettest259user259', 3, '2022-03-17', 259, 259),
	(260, 'markettest260user260', 3, '2022-03-17', 260, 260),
	(261, 'markettest261user261', 1, '2022-03-17', 261, 261),
	(262, 'markettest262user262', 2, '2022-03-17', 262, 262),
	(263, 'markettest263user263', 3, '2022-03-17', 263, 263),
	(264, 'markettest264user264', 2, '2022-03-17', 264, 264),
	(265, 'markettest265user265', 1, '2022-03-17', 265, 265),
	(266, 'markettest266user266', 1, '2022-03-17', 266, 266),
	(267, 'markettest267user267', 3, '2022-03-17', 267, 267),
	(268, 'markettest268user268', 3, '2022-03-17', 268, 268),
	(269, 'markettest269user269', 4, '2022-03-17', 269, 269),
	(270, 'markettest270user270', 4, '2022-03-17', 270, 270),
	(271, 'markettest271user271', 4, '2022-03-17', 271, 271),
	(272, 'markettest272user272', 1, '2022-03-17', 272, 272),
	(273, 'markettest273user273', 1, '2022-03-17', 273, 273),
	(274, 'markettest274user274', 3, '2022-03-17', 274, 274),
	(275, 'markettest275user275', 2, '2022-03-17', 275, 275),
	(276, 'markettest276user276', 4, '2022-03-17', 276, 276),
	(277, 'markettest277user277', 4, '2022-03-17', 277, 277),
	(278, 'markettest278user278', 2, '2022-03-17', 278, 278),
	(279, 'markettest279user279', 1, '2022-03-17', 279, 279),
	(280, 'markettest280user280', 3, '2022-03-17', 280, 280),
	(281, 'markettest281user281', 2, '2022-03-17', 281, 281),
	(282, 'markettest282user282', 3, '2022-03-17', 282, 282),
	(283, 'markettest283user283', 1, '2022-03-17', 283, 283),
	(284, 'markettest284user284', 1, '2022-03-17', 284, 284),
	(285, 'markettest285user285', 1, '2022-03-17', 285, 285),
	(286, 'markettest286user286', 3, '2022-03-17', 286, 286),
	(287, 'markettest287user287', 4, '2022-03-17', 287, 287),
	(288, 'markettest288user288', 3, '2022-03-17', 288, 288),
	(289, 'markettest289user289', 3, '2022-03-17', 289, 289),
	(290, 'markettest290user290', 1, '2022-03-17', 290, 290),
	(291, 'markettest291user291', 1, '2022-03-17', 291, 291),
	(292, 'markettest292user292', 1, '2022-03-17', 292, 292),
	(293, 'markettest293user293', 2, '2022-03-17', 293, 293),
	(294, 'markettest294user294', 1, '2022-03-17', 294, 294),
	(295, 'markettest295user295', 2, '2022-03-17', 295, 295),
	(296, 'markettest296user296', 2, '2022-03-17', 296, 296),
	(297, 'markettest297user297', 3, '2022-03-17', 297, 297),
	(298, 'markettest298user298', 2, '2022-03-17', 298, 298),
	(299, 'markettest299user299', 4, '2022-03-17', 299, 299),
	(300, 'markettest300user300', 3, '2022-03-17', 300, 300),
	(301, 'markettest301user301', 1, '2022-03-17', 301, 301),
	(302, 'markettest302user302', 4, '2022-03-17', 302, 302),
	(303, 'markettest303user303', 2, '2022-03-17', 303, 303),
	(304, 'markettest304user304', 3, '2022-03-17', 304, 304),
	(305, 'markettest305user305', 4, '2022-03-17', 305, 305),
	(306, 'markettest306user306', 1, '2022-03-17', 306, 306),
	(307, 'markettest307user307', 1, '2022-03-17', 307, 307),
	(308, 'markettest308user308', 3, '2022-03-17', 308, 308),
	(309, 'markettest309user309', 4, '2022-03-17', 309, 309),
	(310, 'markettest310user310', 4, '2022-03-17', 310, 310),
	(311, 'markettest311user311', 2, '2022-03-17', 311, 311),
	(312, 'markettest312user312', 4, '2022-03-17', 312, 312),
	(313, 'markettest313user313', 2, '2022-03-17', 313, 313),
	(314, 'markettest314user314', 2, '2022-03-17', 314, 314),
	(315, 'markettest315user315', 3, '2022-03-17', 315, 315),
	(316, 'markettest315user315', 3, '2022-03-17', 315, 315),
	(335, '2', 3, '2022-03-18', 2, 1),
	(337, 'sssss', 3, '2022-03-18', 8, 1),
	(338, 'sdsdsdd', 2, '2022-03-18', 8, 1),
	(339, 'ssss', 2, '2022-03-18', 8, 1),
	(340, 'sss', 2, '2022-03-18', 11, 1),
	(341, '4.5', 4, '2022-03-18', 12, 1),
	(342, 'sdsdsd', 2, '2022-03-18', 12, 1),
	(343, 'sdsdds', 3, '2022-03-18', 10, 1),
	(344, 'sdsddsd', 2, '2022-03-18', 10, 1),
	(345, 'sdsd', 2, '2022-03-18', 10, 2),
	(346, 'good', 3, '2022-03-19', 16, 1);
/*!40000 ALTER TABLE `review` ENABLE KEYS */;

-- 테이블 sawwell.seocho 구조 내보내기
CREATE TABLE IF NOT EXISTS `seocho` (
  `seochono` int(11) NOT NULL,
  `marketname` varchar(50) COLLATE utf8mb4_unicode_ci DEFAULT NULL,
  `ceoname` varchar(50) COLLATE utf8mb4_unicode_ci DEFAULT NULL,
  `address` varchar(100) COLLATE utf8mb4_unicode_ci DEFAULT NULL,
  `phone` varchar(50) COLLATE utf8mb4_unicode_ci DEFAULT NULL,
  `categori` varchar(100) COLLATE utf8mb4_unicode_ci DEFAULT NULL,
  `food` varchar(100) COLLATE utf8mb4_unicode_ci DEFAULT NULL,
  `open` varchar(100) COLLATE utf8mb4_unicode_ci DEFAULT NULL,
  `close` varchar(100) COLLATE utf8mb4_unicode_ci DEFAULT NULL,
  PRIMARY KEY (`seochono`)
) ENGINE=InnoDB DEFAULT CHARSET=utf8mb4 COLLATE=utf8mb4_unicode_ci;

-- 테이블 데이터 sawwell.seocho:~315 rows (대략적) 내보내기
/*!40000 ALTER TABLE `seocho` DISABLE KEYS */;
INSERT INTO `seocho` (`seochono`, `marketname`, `ceoname`, `address`, `phone`, `categori`, `food`, `open`, `close`) VALUES
	(1, '貴信(귀할귀 믿을신) 불고기', '장보경', '서초동 1302-38 1층 103호', '02-591-0281', '한식', '불고기\r', '11:00:00', '22:00:00'),
	(2, '주식회사 서초동연가 서초별관점', '장보경', '서초동 1302-38 1층 103호', '02-591-0281', '한식', '우거지국밥\r', '18:00:00', '08:00:00'),
	(3, '인근주민 강남본점', '이철우', '서초동 1302-38 2층/3층', '02-591-2087', '한식', '파스타\r', '17:00:00', '01:00:00'),
	(4, '서울집', '이종혁', '서초동 1302-2 1층 5호/ 6호 대지프라자', '02-3482-1224', '한식', '곰탕\r', '16:00:00', '23:00:00'),
	(5, '참이맛 감자탕', '김옥영 외 1명', '서초동 1302-44 1층', '02-3481-3399', '한식', '감자탕\r', '00:00:00', '24:00:00'),
	(6, '스시가', '김윤선', '서초동 1302-45 양정빌딩 2층 가호', '02-3481-3071', '일식', '스시정식\r', '11:30:00', '24:00:00'),
	(7, '강남껍데기', '조연수', '서초동 1303-10 서초한일유앤아이주상복합 1층 113호', '02-534-5572', '한식', '김치찌개/삼겹살\r', '11:30:00', '24:00:00'),
	(8, '강남역 파스타', '이진한', '서초동 1307-4', '02-3482-0959', '양식', '파스타\r', '11:30:00', '24:00:00'),
	(9, '이자카야 나무  (서초)', '김충기 외 1명', '서초동 1307-11 지하1층~지상4층', '02-535-0348', '일식', '연어요리\r', NULL, NULL),
	(10, '강남본점', '신철호', '서초동 1308 201호/ 203호/ 204호', '02-536-4133', '한식', '칼국수\r', '15:30:00', '05:30:00'),
	(11, '제주흑다돈 강남직영점', '강정호', '서초동 1308-15 1층', '02-3482-2090', '한식', '삼겹살\r', '11:00:00', '05:00:00'),
	(12, '에머이 강남대로점', '김미정', '서초동 1308-16 102/103/105/107/108/109호', '02-534-7174', '기타', '쌀국수\r', '00:00:00', '24:00:00'),
	(13, '장꼬방', '김현수', '서초동 1316 1층', '02-597-5511', '한식', '단팥죽\r', '10:00:00', '24:00:00'),
	(14, '주식회사 맛있는이야기 노랑저고리', '이승철', '서초동 1316-29 타임빌딩 601호', '02-534-5300', '한식', '노랑정식\r', '11:30:00', '21:30:00'),
	(15, '피제리아 하이웨이트립', '최영구', '서초동 1316-30 1층/2층', '02-535-8128', '양식', '피자\r', '10:30:00', '22:30:00'),
	(16, '(주)이춘복스시강남', '이춘복', '서초동 1317 1층 2층', '02-591-4558', '일식', '스시\r', '11:00:00', '01:00:00'),
	(17, '하루하루', '정재영', '서초동 1317-20 아라타워 201-1~214-1일부', '02-595-4952', '기타', '샤브샤브\r', NULL, NULL),
	(18, '연타발', '황숙희', '서초동 1317-20 외4필지 지하1층', '02-536-9282', '한식', '등심\r', '11:30:00', '02:00:00'),
	(19, '강가', '이덕형 외 1명', '서초동 1320-10 삼성전자사옥 지하1층', '02-2059-3610', '기타', '인도요리\r', '10:30:00', '23:00:00'),
	(20, '소만옥', '이정주', '서초동 1320-10 지하1층', '02-587-9005', '한식', '갈비탕\r', '10:30:00', '23:00:00'),
	(21, '서초사리원', '나성윤', '서초동 1321-7', '02-3474-5005', '한식', '불고기\r', '11:00:00', '21:00:00'),
	(22, '스시 다미선', '신명리', '서초동 1327-8 스퀘어큐브 2층', '02-582-3328', '일식', '스시정식\r', '11:30:00', '05:00:00'),
	(23, '강남정', '김영균', '서초동 1327-13 B101호 일부', '02-584-8221', '한식', '한우가마솥국밥\r', '11:00:00', '23:00:00'),
	(24, '서동한우 강남점', '백경희', '서초동 1327-29 서초파라곤 201호/208호', '02-3474-9297', '한식', '한우구이\r', '11:00:00', '22:00:00'),
	(25, '모랑 강남점', '김지완', '서초동 1328-11 대우도씨에빛2 212호', '02-521-3980', '한식', '해물돌솥밥\r', '11:00:00', '22:00:00'),
	(26, '해우담 서초본점', '박소희', '서초동 1329-4 우남빌딩 지하1층', '02-522-4211', '한식', '해산물한정식\r', '11:00:00', '23:00:00'),
	(27, '봉피양', '김영환', '서초동 1330 1층 103호', '02-587-7018', '한식', '냉면\r', '11:30:00', '22:00:00'),
	(28, '더하누', '유준희', '서초동 1330-4 아루누보씨티2 101/102/109/111/112/113/114호', '02-584-9392', '한식', '등심\r', '11:00:00', '22:00:00'),
	(29, '강남역 기와집 양대창', '윤태문 외 1명', '서초동 1330-12 강남역 인앤인 1층 101호', '02-522-9279', '한식', '양대창\r', '11:00:00', '23:00:00'),
	(30, '진대감 강남역 삼성타운점', '용동순', '서초동 1330-13 우영빌딩 2층', '02-587-0073', '한식', '설렁탕/차돌삼합\r', '11:30:00', '22:30:00'),
	(31, '됐소 강남', '정영석', '서초동 1330-15', '02-586-8588', '한식', '등심(안심)\r', '11:30:00', '22:30:00'),
	(32, '두껍삼 강남직영점', '정영훈 외 1명', '서초동 1330-16 1층 (101호)', '02-585-3592', '한식', '숙성삼겹살\r', NULL, NULL),
	(33, '초선과여포', '이종국', '서초동 1330-16 201호', '02-525-9890', '중식', '깐쇼새우\r', NULL, NULL),
	(34, '삼성각', '하동옥', '서초동 1330-18 2층', '02-598-5553', '중식', '전가복\r', '11:00:00', '22:30:00'),
	(35, '조선횟집 서초점', '이범택', '서초동 1331-2 2층', '02-587-8855', '일식', '제철회코스요리\r', '11:30:00', '23:00:00'),
	(36, '한라담 강남역점', '이범택', '서초동 1331-2 2층(일부)', '02-587-4433', '한식', '한우모듬구이\r', '10:30:00', '22:00:00'),
	(37, '진상샤브샤브', '홍인국', '서초동 1337-3 강남역 푸르지오시티 지하1층', '02-581-0092', '한식', '샤브샤브\r', '10:30:00', '22:00:00'),
	(38, '(주)미가미', '김상균', '서초동 1337-32 지하1층', '02-522-6522', '일식', '회\r', '11:00:00', '22:00:00'),
	(39, '삼호복집', '장명화', '서초동 1338-10', '02-3474-3533', '한식', '복지리\r', '11:00:00', '22:00:00'),
	(40, '만다린', 'CUI XIANSHU', '서초동 1338-10 3층전체', '02-588-2338', '중식', '해물짬뽕/ 찹쌀탕수육\r', '11:30:00', '21:30:00'),
	(41, '참설농탕', 'CHO YOUNG IL 외 2명', '서초동 1340 1층', '02-3471-2488', '한식', '설렁탕\r', '11:30:00', '21:30:00'),
	(42, '남강메기 서초직영점', '도형석', '서초동 1340-2 (1층)', '02-598-6800', '한식', '메기매운탕\r', '00:00:00', '24:00:00'),
	(43, '듬북담북(뱅뱅점)', '엄태영 외 1명', '서초동 1340-3 1층', '02-525-8689', '한식', '북어국\r', '00:00:00', '24:00:00'),
	(44, '서초버드나무집', '이범만', '서초동 1340-5', '02-3473-8354', '한식', '갈비탕\r', '11:00:00', '22:00:00'),
	(45, '육갑식당', '김은경', '서초동 1340-14', '02-588-8292', '한식', '등심/꽃살\r', '15:00:00', '01:00:00'),
	(46, '한국수', '김인숙', '서초동 1341-7 1층 103호', '02-568-5972', '한식', '팔도면요리\r', NULL, NULL),
	(47, '춘향골 추어탕', '이범철', '서초동 1342-7 1층', '02-3472-0050', '한식', '추어탕\r', NULL, NULL),
	(48, '오곡채', '김혜경', '서초동 1343-7', '02-588-2232', '한식', '보쌈\r', '11:30:00', '22:00:00'),
	(49, '명선헌', '김경자', '서초동 1344-12 지하1층', '02-587-2942', '한식', '한정식\r', '11:30:00', '22:00:00'),
	(50, '김영자 원조 나주곰탕(서초점)', '김혜진', '서초동 1357-70 1층', '02-522-8896', '한식', '곰탕\r', '00:00:00', '24:00:00'),
	(51, '한촌설렁탕', '박지은', '서초동 1359-13 (지상1층)', '02-525-0225', '한식', '설렁탕\r', '10:00:00', '22:00:00'),
	(52, '황금빛 마을', '황순덕', '서초동 1359-22/ 1층', '02-521-4040', '한식', '김치찌개/된장찌개\r', NULL, NULL),
	(53, '서초복집', '노현숙', '서초동 1363-4 양재빌딩 2층', '02-581-2362', '한식', '복지리\r', '11:00:00', '22:00:00'),
	(54, '자인뭉티기', '노정아', '서초동 1363-7 1층', '02-597-2158', '한식', '등심\r', '11:00:00', '22:00:00'),
	(55, '청정횟집', '이복임', '서초동 1363-25 한라비발디스튜디오193 B101호', '02-581-5886', '일식', '활어회\r', NULL, NULL),
	(56, '순남시래기', '최효성', '서초동 1363-25 지하1층 103-1호', '02-582-5044', '한식', '시래기국\r', '11:00:00', '21:30:00'),
	(57, '신가예촌', '이유경', '서초동 1364-3 세방빌딩', '02-525-0986', '한식', '전골/갈비살\r', '11:30:00', '22:00:00'),
	(58, '예촌', '신봉석', '서초동 1364-5 예촌', '02-525-0987', '한식', '한정식\r', NULL, NULL),
	(59, '진주청국장', '박홍전', '서초동 1365-22', '02-525-6919', '한식', '청국장\r', NULL, NULL),
	(60, '수미관', '서준형', '서초동 1427-5 1층', '02-582-0707', '한식', '곰탕\r', NULL, NULL),
	(61, '부일갈비', '김종구', '서초동 1427-6 101호', '02-585-3112', '한식', '갈비탕\r', '11:00:00', '22:00:00'),
	(62, '송쉐프', '권중백', '서초동 1431-14', '02-598-9662', '중식', '자장면/ 짬뽕 등\r', '11:00:00', '22:00:00'),
	(63, '강촌식당 서초점', '유지선', '서초동 1443-4 1층', '02-586-8787', '한식', '닭갈비\r', '00:00:00', '24:00:00'),
	(64, '신선설농탕', '오청', '서초동 1443-8 1층', '02-3473-1155', '한식', '설렁탕\r', '00:00:00', '24:00:00'),
	(65, '선궁', '허익회', '서초동 1451-34', '02-597-1397', '중식', '중국요리\r', '11:30:00', '22:00:00'),
	(66, '서초갈비', '설원철', '서초동 1451-77 2층', '02-582-2988', '한식', '등심\r', '11:30:00', '21:30:00'),
	(67, '백년 한정식', '최요섭', '서초동 1451-95 지하1층', '02-586-8979', '한식', '한정식\r', '10:00:00', '21:30:00'),
	(68, '소들녘 서초점', '전은정', '서초동 1485-5 (소방 1 2층)', '02-583-0505', '한식', '소불고기\r', '10:00:00', '21:30:00'),
	(69, 'da Pitta(다 피타)', '강희영', '서초동 1487-3 1층', '02-523-5147', '양식', '파스타/피자\r', '11:30:00', '22:30:00'),
	(70, '영변', '차석재', '서초동 1503-13 2/3층', '02-583-1123', '일식', '회정식\r', '11:00:00', '21:00:00'),
	(71, '신박사 콩사랑', '신동안', '서초동 1503-15 1층', '02-588-8862', '한식', '순두부/콩국수\r', '11:30:00', '22:30:00'),
	(72, '다피타(da pitta)', '노은영', '서초동 1503-16', '02-521-5147', '양식', '파스타/피자\r', NULL, NULL),
	(73, '서초정육식당', '이경득', '서초동 1503-19', '02-588-0290', '한식', '등심\r', '11:30:00', '22:30:00'),
	(74, '영양센타 서초역점', '김윤식', '서초동 1505-6', '02-3487-0101', '한식', '전기구이통닭\r', '00:00:00', '24:00:00'),
	(75, '수원본갈비1993', '김민주', '서초동 1511-12', '02-521-1727', '한식', '감자탕\r', NULL, NULL),
	(76, '리스토란떼 일 디토 서초', '이지훈', '서초동 1516-2 (주)삼성출판사 사옥', '02-3471-7021', '양식', '스테이크/파스타\r', '17:30:00', '22:00:00'),
	(77, '진도울돌목가는길', '박안나 외 2명', '서초동 1540-1', '02-521-6032', '한식', '한정식\r', NULL, NULL),
	(78, '미유끼', '범미정', '서초동 1540-11 보광빌딩 지하1층', '02-585-2844', '일식', '광어회\r', NULL, NULL),
	(79, '미각', '김춘희', '서초동 1543-1', '02-585-9095', '한식', '생등심\r', '10:00:00', '22:00:00'),
	(80, '포메인서초점', '김근자', '서초동 1543-8 1층 102호', '02-521-0722', '한식', '쌀국수\r', '10:00:00', '22:00:00'),
	(81, '부산아지매국밥 서초역점', '강현숙', '서초동 1544-2/ 1층', '02-582-9882', '한식', '전복회정식\r', '00:00:00', '24:00:00'),
	(82, 'BABBO PIZZA(밥보피자)', '최유미', '서초동 1545-2 1층', '02-585-0082', '양식', '피자\r', '00:00:00', '24:00:00'),
	(83, '서초 불쭈꾸미', '김수선', '서초동 1552-6 지상1층', '02-3486-9994', '한식', '설렁탕\r', '11:00:00', '22:00:00'),
	(84, '리향', '유영대 외 1명', '서초동 1552-7 2층', '02-525-3580', '중식', '중화요리\r', '10:00:00', '22:00:00'),
	(85, '가조고향마을', '오성석', '서초동 1552-16 1층', '02-584-0199', '한식', '등심\r', NULL, NULL),
	(86, '초원복집', '최성례', '서초동 1552-18 1층', '02-598-3654', '한식', '복요리\r', '11:00:00', '22:00:00'),
	(87, '향나무집', '배인순', '서초동 1553-14 지상1층', '02-597-5554', '한식', '낙지/홍어찜\r', '11:00:00', '22:00:00'),
	(88, '서귀포 오분작 뚝배기', '정미자', '서초동 1555-2 1/2층', '02-523-9898', '한식', '해물찜/ 해물돌솥밥\r', '11:00:00', '21:30:00'),
	(89, '서초면옥', '최홍용 외 1명', '서초동 1557-7 (지상1층 가호)', '02-522-1422', '한식', '냉면/갈비찜\r', '11:00:00', '22:00:00'),
	(90, '우리바다생태찌개', '허영윤', '서초동 1564-12 1층', '02-582-0128', '한식', '생태찌개\r', '10:00:00', '22:00:00'),
	(91, '하남돼지집 교대점', '권선단', '서초동 1567-8 1층', '02-3473-9282', '한식', '고기류\r', '17:00:00', '23:00:00'),
	(92, '나나마구로', '강정민', '서초동 1571-6 1층/ 2층', '02-582-5674', '일식', '참치회\r', '17:00:00', '23:00:00'),
	(93, '신촌설렁탕 교대역점', '백정석', '서초동 1571-12 1층', '02-585-2929', '한식', '설렁탕\r', '10:00:00', '22:00:00'),
	(94, '대찬횟집 교대점', '신일식', '서초동 1571-15 지하1층', '02-525-8858', '일식', '매운탕\r', NULL, NULL),
	(95, '옛날전통육개장 전문점 육대장 한방보쌈·전골', '이진수', '서초동 1571-17 1층', '02-6959-7889', '한식', '육개장\r', NULL, NULL),
	(96, '원당', '서영보', '서초동 1571-26', '02-583-3333', '한식', '감자탕\r', NULL, NULL),
	(97, '서초 장어타운', '황지윤', '서초동 1571-30 3층/4층', '02-521-6934', '한식', '장어\r', '11:30:00', '22:00:00'),
	(98, '모악정', '김경자', '서초동 1572-18 지하1층', '02-584-1132', '한식', '해물삼합\r', NULL, NULL),
	(99, '봉추찜닭', '김익환 외 1명', '서초동 1574-6 101호', '02-584-6981', '한식', '찜닭\r', '11:00:00', '24:00:00'),
	(100, '리밍', '전성정', '서초동 1576-1 지층', '02-583-5989', '중식', '자장면\r', '00:00:00', '24:00:00'),
	(101, '한우플러스', '권오덕', '서초동 1576-9 지산빌딩 2층', '02-522-6457', '한식', '등심\r', '11:00:00', '22:00:00'),
	(102, '가온매운갈비찜', '최문석', '서초동 1579-1 지하1층', '02-586-5959', '한식', '매운갈비찜\r', '12:30:00', '22:30:00'),
	(103, '크래버 대게나라', '김소영', '서초동 1582-16 1층', '02-525-9779', '한식', '대게요리\r', NULL, NULL),
	(104, '앨리스가든 플라워앤티 하우스', '박영신 외 1명', '서초동 1584-7 지상1층', '02-583-5658', '기타', '커피/빵\r', NULL, NULL),
	(105, '삼대나주곰탕', '정경희', '서초동 1585-18 101/102/103/104', '02-583-3433', '한식', '곰탕\r', '11:00:00', '22:00:00'),
	(106, '서초아구찜', '장동학 외 1명', '서초동 1588-8 1층 105호', '02-522-3673', '한식', '아구찜\r', '10:00:00', '03:00:00'),
	(107, '국수명가', '유금순', '서초동 1588-13', '02-3473-0045', '분식', '국수\r', NULL, NULL),
	(108, '든든한우家', '이희춘', '서초동 1591-11 2/3층', '02-586-4000', '한식', '등심\r', '11:00:00', '22:00:00'),
	(109, '함평한우 정육식당', '김경미', '서초동 1595-6 1층', '02-582-2828', '한식', '등심\r', '11:00:00', '22:00:00'),
	(110, '홍천한우', '이희춘', '서초동 1595-8 2층일부/3층일부', '02-586-0513', '한식', '등심\r', '11:00:00', '22:00:00'),
	(111, '동수원갈비', '김숙희', '서초동 1601-1 샤르망 지하1층 B01호~B04호/ B05호일부', '02-588-7060', '한식', '왕갈비\r', NULL, NULL),
	(112, '우작설렁탕', '권도훈', '서초동 1621-5', '02-584-8544', '한식', '설렁탕\r', '11:30:00', '21:00:00'),
	(113, '소공동뚝배기집 교대점', '최용식', '서초동 1659-17 추호주택 지하1층', '02-586-1962', '한식', '직화구이\r', '09:00:00', '22:00:00'),
	(114, '애향', '김경수', '서초동 1676-4 1층', '02-583-8182', '한식', '남도계절음식\r', '09:00:00', '22:00:00'),
	(115, '주식회사 서석대', '안재홍', '서초동 1678-1 서초동 동아빌라트 102호', '02-537-0077', '한식', '한우구이\r', '11:30:00', '22:30:00'),
	(116, '늘봄웰봄', '윤광석', '서초동 1685-3 아크로비스타지하1층지하A-105/A-106/A-107호', '02-596-8804', '한식', '등심\r', '11:30:00', '22:00:00'),
	(117, '서초 해물찜', '조용효', '서초동 1685-8 지파이브센트럴프라자 B106호/ 107호', '02-577-6465', '한식', '해물찜\r', '11:30:00', '22:30:00'),
	(118, '미타니야 교대역점', '이영덕', '서초동 1685-8 G5센트럴프라자 1층 128호~130호', '02-535-6001', '일식', '우동/돈까스\r', '11:30:00', '22:00:00'),
	(119, '용봉대반점', '김태륜', '서초동 1689-1', '02-591-3337', '중식', '짜장면/짬뽕/탕수육\r', '09:00:00', '21:00:00'),
	(120, '서초보쌈', '최영옥 외 1명', '서초동 1689-6 103호', '02-537-6201', '한식', '보쌈\r', '11:00:00', '22:00:00'),
	(121, '태평양', '정희동', '서초동 1691-1 지하1층/', '02-599-8564', '일식', '모듬회\r', '12:00:00', '22:00:00'),
	(122, '교대강릉집', '안희수', '서초동 1692-3 지 1층', '02-532-5430', '기타', '회무침\r', '11:30:00', '22:00:00'),
	(123, '신태평양', '천원기', '서초동 1692-4 지하1층 가호', '02-534-0354', '일식', '모듬회\r', '11:30:00', '22:30:00'),
	(124, '설국', '강동진', '서초동 1694-22 (1층)', '02-3476-8007', '일식', '회정식\r', '10:00:00', '23:00:00'),
	(125, '짝꿍 떡볶이', '김재연', '서초동 1695-7', '02-537-6836', '분식', '떡볶이\r', NULL, NULL),
	(126, '엉터리생고기 교대역점', '이상배 외 1명', '서초동 1696-13 애니빌딩1층', '02-596-8009', '한식', '삼겹살\r', NULL, NULL),
	(127, '빛고을으뜸추어탕', '송재민', '서초동 1697-15 1층', '02-537-0156', '한식', '추어탕\r', NULL, NULL),
	(128, '만경생태', '정성면', '서초동 1697-16 1층', '02-3482-3661', '한식', '동태탕\r', '10:00:00', '22:00:00'),
	(129, '송학횟집', '김미선', '서초동 1699-2 4층', '02-595-8822', '일식', '회\r', '10:30:00', '22:30:00'),
	(130, '기와집순두부', '안광윤', '서초동 1699-13', '02-599-0579', '한식', '순두부\r', '11:30:00', '22:00:00'),
	(131, '한우명가 노고단', '이미옥', '서초동 1704-1 정곡빌딩 동관 지하15호', '02-973-9792', '한식', '불고기\r', NULL, NULL),
	(132, '황궁', '전용우', '서초동 1705 정곡빌딩서관 지하1층', '02-599-8078', '중식', '중국요리\r', '11:00:00', '21:00:00'),
	(133, '남도미락', '한선희', '서초동 1706-12 지하 1층', '02-593-1100', '한식', '청국장\r', '10:00:00', '22:00:00'),
	(134, '대나무골', '전용석', '서초동 1709-4', '02-533-8410', '한식', '한정식\r', NULL, NULL),
	(135, '램하우스 서초법원점', '박종근', '서초동 1713-4 /5/6 (202호)', '02-3476-0678', '한식', '양갈비\r', '10:00:00', '22:00:00'),
	(136, '우밀면옥 교대점', '김현경', '서초동 1713-4 길도 BD 1층 104호', '02-596-3770', '한식', '평양냉면\r', '10:00:00', '22:00:00'),
	(137, '장원한정식', '정애숙', '서초동 1714-16', '02-593-8449', '한식', '한정식\r', '11:30:00', '22:00:00'),
	(138, '이남장(서초점)', '이승호', '서초동 1715-1 1층/2층/3층', '02-592-0268', '한식', '설렁탕\r', '00:00:00', '24:00:00'),
	(139, '서초원', '고인혜', '서초동 1715-10 (지하 1층)', '02-596-0927', '한식', '한정식\r', '11:30:00', '22:00:00'),
	(140, '전주가', '최석종', '서초동 1717-4 지하1층 103호', '02-594-5588', '한식', '한정식\r', NULL, NULL),
	(141, '북해도', '박미향', '서초동 1717-6 지하1층', '02-532-0934', '일식', '회정식\r', '10:00:00', '22:00:00'),
	(142, '오발탄', '이헌룡', '서초동 1720-1 1/2/3층', '02-591-6657', '한식', '양대창구이\r', '11:30:00', '23:00:00'),
	(143, '오선채', '강승현', '양재동 1-23 (지하 1층)', '02-578-9411', '한식', '한정식\r', '11:30:00', '22:00:00'),
	(144, '일품헌', 'XU YUANJI', '양재동 1-28 성원빌딩 가동 1층/2층', '02-574-7117', '중식', '샤브샤브\r', '11:30:00', '21:00:00'),
	(145, '인덕원비빔국수', '주철상', '양재동 2-36 1/2층', '02-579-5678', '한식', '국수/만두\r', '11:00:00', '21:00:00'),
	(146, '갈비사랑', '이하수 외 1명', '양재동 14-3 지층/지상2/3/4/5층', '02-3463-6800', '한식', '돼지갈비\r', '11:00:00', '22:00:00'),
	(147, '백마 김씨네', '이하수 외 1명', '양재동 14-14 2층', '02-3463-9255', '한식', '소고기 국밥\r', '11:30:00', '22:00:00'),
	(148, '영동회관', '정용철 외 1명', '양재동 17-1 103호', '02-6084-0250', '한식', '삼겹살\r', '11:30:00', '22:00:00'),
	(149, '청정해참치', '김상만', '양재동 23-0 환승주차장 201호', '02-577-4722', '일식', '참치회\r', '11:30:00', '22:00:00'),
	(150, '동신참치양재직영점', '신동옥', '양재동 24 (지하 1층)', '02-529-7130', '일식', '참치회\r', NULL, NULL),
	(151, '디오디아(DIODIA)', '이강인', '양재동 24 스포타임 5층', '02-526-8700', '뷔페식', '뷔페\r', '11:00:00', '19:00:00'),
	(152, '구이마마', '문광수', '양재동 114 1층', '02-575-7449', '한식', '생삼겹\r', '09:00:00', '22:00:00'),
	(153, 'The Park(뷔페식당)', '강준식', '양재동 202 외 3필지 더케이서울호텔 2층', '02-577-8550', '뷔페식', '뷔페\r', '07:00:00', '22:00:00'),
	(154, '화돌농장', '전수남', '양재동 204 1층', '02-575-1858', '한식', '오리로스\r', '11:30:00', '22:00:00'),
	(155, '(주)배나무골', '장현성 외 2명', '양재동 241-3', '02-571-5252', '한식', '오리\r', '11:30:00', '22:00:00'),
	(156, '어진', '조영정', '양재동 242-4', '02-2058-2933', '한식', '해물탕\r', '11:00:00', '22:00:00'),
	(157, '행복밥상', '윤남교', '양재동 267-2 1층', '02-536-8825', '한식', '비빔밥\r', NULL, NULL),
	(158, '평가옥', '박민', '양재동 277-2 1층/2층', '02-3462-1577', '한식', '평양냉면\r', '11:00:00', '22:00:00'),
	(159, '초원정육식당', '강영희', '양재동 288-1 1/2층', '02-573-5598', '한식', '등심\r', '10:00:00', '23:00:00'),
	(160, '해늘찹쌀순대', '장훈', '양재동 289-8 2층', '02-573-8292', '한식', '찹쌀순대\r', NULL, NULL),
	(161, '한촌설렁탕', '김준호', '양재동 289-9', '02-574-6767', '한식', '설렁탕\r', '00:00:00', '24:00:00'),
	(162, '사랑채', '양경비', '양재동 320-4 1층', '02-572-0352', '한식', '한정식\r', NULL, NULL),
	(163, '약초마을', '이건채', '양재동 353-5 1층', '02-576-5215', '한식', '삼계탕\r', '11:00:00', '21:00:00'),
	(164, '소호정', '임동열', '양재동 392-11 (1/2층)', '02-579-7282', '한식', '국수\r', '11:30:00', '21:30:00'),
	(165, '황태마을', '주윤자', '우면동 13-9', '02-573-8926', '한식', '황태구이\r', '11:00:00', '21:00:00'),
	(166, '정여사 손칼국수', '정정례', '우면동 64-2 201호', '02-544-2000', '분식', '칼국수\r', '11:00:00', '22:00:00'),
	(167, '여의도생고기', '장시훈', '내곡동 1-273 (지상1층)', '02-6339-7299', '한식', '소고기 숯불구이\r', NULL, NULL),
	(168, '피노', '오영옥', '내곡동 1-2299 1층', '02-445-0417', '한식', '연잎밥\r', '11:00:00', '21:30:00'),
	(169, '맷돌로만청계산점', '이재훈 외 1명', '신원동 192-12', '02-574-9691', '한식', '순두부찌개\r', '09:30:00', '21:30:00'),
	(170, '곤드레집', '정임서', '신원동 195-16 1층/2층', '02-574-4542', '한식', '곤드레나물밥\r', '11:00:00', '20:30:00'),
	(171, '영주축협 한우프라자 청계산역점', '서병국', '신원동 270-10 4층/ 5층', '02-579-9292', '한식', '한우생등심\r', '11:00:00', '21:30:00'),
	(172, '서울만남의광장휴게소 한식당', '송상규', '원지동 10-16 서울만남의광장휴게소 한식당', '02-578-3372', '한식', '국밥/ 찌개\r', '06:00:00', '22:00:00'),
	(173, '목우촌마을 청계산점', '박기현', '원지동 375 1층', '02-573-0143', '한식', '삼겹살\r', '08:00:00', '22:00:00'),
	(174, '국시 명가', '이은숙', '원지동 377-4 (1층)', '02-571-1474', '한식', '국수\r', '09:00:00', '20:00:00'),
	(175, '조선면옥', '김기흥', '원지동 379-4 2층', '02-2057-5526', '한식', '냉면\r', '10:00:00', '21:00:00'),
	(176, '유라', '김정희', '원지동 412-2 1층', '02-574-2101', '한식', '굴비정식\r', '11:00:00', '23:00:00'),
	(177, '들밥 나들이', '김도희', '원지동 414-10 (1층)', '02-574-9949', '한식', '한정식\r', '09:00:00', '20:30:00'),
	(178, '동지섣달 꽃본듯이', '유미숙', '원지동 419 지상 2층', '02-571-9334', '한식', '돌솥밥\r', '10:30:00', '21:00:00'),
	(179, '소담채', '서동준 외 1명', '원지동 419-1 지하1층/ 1층/ 2층', '02-3462-8592', '한식', '쌈밥\r', '09:00:00', '20:30:00'),
	(180, '담소사골순대 이수역점', '김지원', '방배동 421-1 /952번지 1호 세양아르비채 101동 101호/ 102호/ 103호', '02-522-1821', '한식', '순대국\r', '00:00:00', '24:00:00'),
	(181, '삼소락', '신명아 외 1명', '방배동 444-2 1층/ 주건축물제1동', '02-585-9288', '한식', '제주삼겹살\r', '11:30:00', '24:00:00'),
	(182, '바르미샤브샤브앤칼국수', '이수영', '방배동 444-3 2층 202-2호', '02-597-1155', '기타', '샤브샤브\r', '11:00:00', '22:00:00'),
	(183, '도쿄하나 사당점', '이범택', '방배동 444-3', '02-585-2020', '일식', '생선회\r', '11:30:00', '21:30:00'),
	(184, '연안식당 사당점', '이범택', '방배동 445-1 2층', '02-588-6092', '한식', '꼬막비빔밥\r', '11:00:00', '23:00:00'),
	(185, '둥구나무 사당점', '박정희', '방배동 445-4 8층', '02-525-0980', '한식', '한정식\r', '11:30:00', '21:30:00'),
	(186, '사조참치(사당역점)', '김정숙', '방배동 446-2 지하1층', '02-523-6784', '일식', '참치회\r', '11:30:00', '22:00:00'),
	(187, '돌배기집 사당역지점', '백종원', '방배동 446-2 1층', '02-3482-3788', '한식', '차돌박이\r', '11:30:00', '22:00:00'),
	(188, '수향가', '이병일', '방배동 446-5 1층2층', '02-523-8799', '한식', '족발/보쌈\r', '14:00:00', '01:00:00'),
	(189, '참조은정육식당', '김덕자 외 1명', '방배동 448-21 지하1층/1층', '02-521-2727', '한식', '생고기\r', '10:00:00', '22:00:00'),
	(190, '성민양꼬치', '최용진 외 1명', '방배동 449-4 1층', '02-583-8856', '중식', '양고기\r', '16:00:00', '05:00:00'),
	(191, '시골보쌈&감자옹심이', '김순금', '방배동 449-5 (1층)', '02-3473-7358', '한식', '보쌈\r', '11:30:00', '22:00:00'),
	(192, '통영해물보쌈', '김동규', '방배동 449-8 지하1층/1층', '02-585-4378', '한식', '해물보쌈\r', '12:00:00', '24:00:00'),
	(193, '군산 은모래 해물탕. 아구찜', '김옥수', '방배동 450-2 1층', '02-588-2320', '한식', '황제문어해신탕\r', '11:00:00', '24:00:00'),
	(194, '포항죽도 어시장', '황영희', '방배동 450-5 1층/2층', '02-586-5246', '한식', '생선회/ 메운탕\r', '11:30:00', '23:00:00'),
	(195, '남도술상', '신윤숙', '방배동 450-9', '02-598-8040', '한식', '남도음식\r', '16:00:00', '22:00:00'),
	(196, '왕배화로', '김왕배', '방배동 450-10 지상 1층', '02-588-8736', '한식', '등심\r', '11:00:00', '23:00:00'),
	(197, '삼육가 사당역1호점', '서재학', '방배동 450-16 1층', '02-588-1043', '한식', '묵은지갈비찜/보쌈\r', '11:30:00', '22:30:00'),
	(198, '여진족', '박선희 외 1명', '방배동 451-5 1층/ 지하1층', '02-3473-3479', '한식', '족발\r', '16:00:00', '23:00:00'),
	(199, '원당감자탕', '이학승', '방배동 451-8 2층 3층', '02-522-5255', '한식', '감자탕\r', '10:30:00', '22:00:00'),
	(200, '신의주찹쌀순대&숯불갈비', '임규현', '방배동 453-23 (1층)', '02-525-0041', '한식', '순대국/돼지갈비\r', '00:00:00', '24:00:00'),
	(201, '한촌설렁탕 사당역점', '최윤석', '방배동 453-24 삼남빌딩 1층', '02-522-1011', '한식', '설렁탕\r', '07:00:00', '22:00:00'),
	(202, '물조은선주회집', '김인규', '방배동 453-29 (1/2층)', '02-521-7620', '일식', '생선회\r', '11:00:00', '22:30:00'),
	(203, '방배 육감', '이재혁 외 1명', '방배동 475-29 지상1층/2층', '02-584-8008', '한식', '생고기\r', '11:00:00', '22:00:00'),
	(204, '하우스(HOUSE)', '이호정 외 2명', '방배동 477-10 (1층)', '02-525-9296', '양식', '스테이크\r', '11:30:00', '21:30:00'),
	(205, '우면산', '차재성', '방배동 478-5 1층', '02-521-4064', '한식', '삼겹살\r', NULL, NULL),
	(206, '루안', '곽태훈', '방배동 751-1 지하1층', '02-536-0009', '중식', '중식\r', '11:30:00', '22:00:00'),
	(207, '남강메기 반포방배점', '정현자', '방배동 751-3 1층', '02-532-7764', '한식', '메기 매운탕\r', '11:00:00', '22:00:00'),
	(208, '댓짱돈까스', '윤성순', '방배동 755-14 1층/ 101호/102호/106호', '02-534-7009', '일식', '돈까스\r', '11:00:00', '20:30:00'),
	(209, '방배 정육식당', '장재현', '방배동 760-2 후생시설 2동 1층 318호', '02-591-5575', '한식', '등심/삼겹살\r', NULL, NULL),
	(210, '김대감봉평메밀촌', '김유정', '방배동 761-2 2층', '02-3477-0270', '한식', '막국수\r', '09:30:00', '21:30:00'),
	(211, '임금님밥상', '임정윤', '방배동 762-16 A동 1층', '02-535-5338', '한식', '매운탕\r', NULL, NULL),
	(212, '방배골숯불갈비', '송원우', '방배동 763-32 101호', '02-3482-1527', '한식', '돼지갈비\r', '11:00:00', '22:00:00'),
	(213, '조가네 갑오징어 방배카페거리점', '신동훈', '방배동 768-13 1층', '02-536-4842', '한식', '갑오징어볶음\r', '10:00:00', '22:00:00'),
	(214, '용이네 정육식당', '백희원', '방배동 769-9 1층', NULL, '한식', '등심/삼겹살\r', '11:00:00', '01:00:00'),
	(215, 'Kelly(켈리)', '정경화', '방배동 773-5 1층', '02-533-5803', '양식', '피자/파스타\r', '10:30:00', '21:30:00'),
	(216, '방배 송이족발', '김상섭 외 1명', '방배동 777-5 1층', '02-532-9491', '한식', '족발\r', '17:00:00', '24:00:00'),
	(217, '육갑식당', '민보람', '방배동 777-5/ 지하1층 지상1층', '02-596-9292', '한식', '등심\r', '15:00:00', '23:00:00'),
	(218, '미방', '이현주', '방배동 777-20 1층', '02-533-3660', '한식', '숯불구이\r', '15:00:00', '24:00:00'),
	(219, '소담애', '김도건', '방배동 778-18 1층', '02-532-4428', '한식', '족발\r', '16:00:00', '00:30:00'),
	(220, '연화산', '이재중', '방배동 778-25 1층', '02-591-6699', '중식', '짜장/짬뽕\r', '00:00:00', '24:00:00'),
	(221, '장수원', '나오미', '방배동 778-27 지하1층/1층/2층', '02-532-2225', '한식', '불고기\r', '00:00:00', '24:00:00'),
	(222, '일일향 방배점', '권혜린 외 1명', '방배동 795-24 지층/1층', '02-534-8385', '중식', '삼선짬뽕\r', '11:30:00', '21:30:00'),
	(223, '델리세', '장현숙', '방배동 807-9', '02-534-3142', '양식', '파스타\r', '11:30:00', '22:00:00'),
	(224, '유다까 회전초밥전문점', '이진규', '방배동 813-6 1층', '02-537-7714', '일식', '초밥\r', '11:30:00', '22:00:00'),
	(225, '소소정', '박현진', '방배동 813-8 1층', '02-536-8666', '한식', '한우곰탕\r', '10:00:00', '22:00:00'),
	(226, '참숯애 서래갈비', '김성하', '방배동 818-13', '02-537-0086', '한식', '갈비\r', '11:30:00', '24:00:00'),
	(227, '은선 설렁탕', '서금화', '방배동 836-12 1층', '02-535-8583', '한식', '설렁탕\r', '06:00:00', '22:00:00'),
	(228, '서래면옥', '박성완', '방배동 837-14', '02-599-0366', '분식', '바지락칼국수\r', '11:30:00', '21:50:00'),
	(229, '묘오또', '김민수 외 1명', '방배동 850-1 1층(104호)', '02-536-5980', '일식', '돈가스/ 우동\r', '11:30:00', '21:30:00'),
	(230, '제주어항1950', '유영희 외 1명', '방배동 851-2 지상 1층', '02-3482-8400', '한식', '순대국\r', NULL, NULL),
	(231, '송이하랑', '송성재', '방배동 866-6 지상1층/2층', '02-599-4499', '한식', '삼겹살\r', '11:00:00', '22:00:00'),
	(232, '방배명가', '이연숙', '방배동 873-20 1층', '02-533-2488', '한식', '해장국\r', '08:00:00', '22:00:00'),
	(233, '㈜ 이지에프엔씨', '이영선', '방배동 874-8', '02-595-1511', '한식', '설렁탕\r', '00:00:00', '24:00:00'),
	(234, '금홍錦洪', '김현봉', '방배동 874-15 1층', '02-532-9542', '중식', '짬뽕\r', '10:30:00', '21:30:00'),
	(235, '만다린', '이봉환', '방배동 875-15 1층', '02-596-6767', '중식', '짬뽕\r', '10:00:00', '22:00:00'),
	(236, '양모리 양대창', '이방분', '방배동 851-6 107호', '02-532-8125', '한식', '양깃머리/양/대창\r', '11:00:00', '22:30:00'),
	(237, '서리풀 명가', '박정숙', '방배동 876-9 1층', '02-535-3692', '한식', '곰탕/설렁탕\r', '10:00:00', '21:30:00'),
	(238, '마초셰프', '정영찬', '방배동 876-19 1층', '02-6465-4242', '양식', '파스타\r', '10:30:00', '21:00:00'),
	(239, '만발', '박소영 외 2명', '방배동 878-1 1층', '02-535-7456', '한식', '등심\r', '11:30:00', '22:00:00'),
	(240, '명동보리밥 방배점', '박경순', '방배동 898-3 지상2층 201호', '02-3471-3392', '한식', '보리밥정식\r', '11:00:00', '22:00:00'),
	(241, '우리밀 칼국수', '조화자', '방배동 908-13 지하 1층', '02-588-5895', '한식', '칼국수\r', '10:00:00', '22:00:00'),
	(242, 'CARNE BRASIL GRILL (까르니 브라질 그릴)', 'MERTZ JAIRO LUIS', '방배동 909-4 5층', '02-598-5066', '양식', '슈하스코 코스\r', '11:30:00', '22:00:00'),
	(243, '엉터리생고기 무한삼겹 방배역점', '김은경', '방배동 909-11 2층', '02-588-7113', '한식', '삼겹살\r', '11:00:00', '02:00:00'),
	(244, '지현', '오세인', '방배동 910-4 (지상1층)', '02-3473-6292', '기타', '샤브샤브\r', '11:00:00', '22:00:00'),
	(245, '북경', '소인학', '방배동 911-22 1층 2호', '02-521-9270', '중식', '짬뽕/탕수육\r', '11:00:00', '21:30:00'),
	(246, '더구어', '고석갑', '방배동 924-5 (지상1층)', '02-3474-9293', '한식', '삼겹살\r', '11:00:00', '24:00:00'),
	(247, '돈선생 방배점', '이귀재 외 1명', '방배동 924-7 1층', '02-595-3574', '한식', '소갈비/오독갈비\r', '10:00:00', '22:00:00'),
	(248, '방배순대국', '한승희', '방배동 924-9 1층', '02-598-9587', '한식', '순대국\r', '09:00:00', '02:00:00'),
	(249, '순남시래기 방배점', '박솔잎', '방배동 925-6 1층', '02-582-2326', '한식', '시래기국\r', '11:00:00', '22:00:00'),
	(250, '정담남원추어탕', '류명미', '방배동 926-27 1층', '02-583-7588', '한식', '추어탕\r', '11:00:00', '22:00:00'),
	(251, '미나토', '이길열', '방배동 935-2 1층', '02-525-5841', '일식', '숙성 생선회\r', '11:30:00', '22:00:00'),
	(252, '효소원 순두부와 청국장 그리고 전', '오경옥', '방배동 983-8 1층', '02-3471-3355', '한식', '청국장\r', '11:00:00', '22:00:00'),
	(253, 'ELBA KITCHEN(엘바 키친)', '신원각', '방배동 985-2 1층', '02-585-9559', '양식', '스테이크/ 파스타\r', '14:00:00', '23:00:00'),
	(254, '민어사랑', '박호자', '방배동 1001-9 1층', '02-588-2714', '한식', '민어탕\r', '11:30:00', '22:00:00'),
	(255, '송강', '차경숙', '방배동 1002-1 1층', '02-598-9288', '한식', '북어/장어\r', '11:30:00', '22:00:00'),
	(256, '만다린', '정자용', '방배동 1020-2 1층', '02-581-3366', '중식', '중국요리\r', '11:00:00', '21:00:00'),
	(257, '(주)댓짱돈까스', '장연조', '방배동 1021-14 파크에비뉴빌딩 1층', '02-584-7348', '일식', '돈가스\r', '11:00:00', '20:30:00'),
	(258, '방배골식당', '송금자', '방배동 1022-2 (지상2층)', '02-588-5197', '한식', '아구찜\r', '11:30:00', '22:00:00'),
	(259, '임광루', '권순분', '방배동 1024-4 1층 9호/ 1층 10호', '02-583-2466', '중식', '짜장면\r', '09:30:00', '21:00:00'),
	(260, '방배본가면옥', '정균영 외 1명', '방배동 1031-2 방배홈스텔 1층 102호', '02-587-5799', '한식', '냉면\r', '11:00:00', '22:00:00'),
	(261, '방배골', '석강하', '방배동 2096', '02-2057-7333', '한식', '등심\r', '11:00:00', '23:30:00'),
	(262, '오동도 산아나고 숯불구이', '나명박 외 1명', '방배동 3001-2 103호/ 103-1호', '02-532-9679', '한식', '아나고숯불구이\r', '15:00:00', '04:00:00'),
	(263, '김영희 강남동태찜 이수점', '박상형 외 1명', '방배동 3001-2 방배디오슈페리움 1차 B117~119/ B122~126호', '02-533-0890', '한식', '동태찜/해물찜\r', '11:00:00', '22:00:00'),
	(264, '토다이 반포점', '김정연', '반포동 19-1 /20호/22호 지하 1층', '02-579-1985', '뷔페식', '뷔페\r', '12:00:00', '21:00:00'),
	(265, '수라빔', '오행일', '반포동 19-3 1층중층 M8호 센트럴시티', '02-6282-3355', '한식', '비빔밥/해물순두부\r', '09:30:00', '22:30:00'),
	(266, '포베이 고속터미널점', '김홍희', '반포동 19-4 지하1층 지하9호', '02-595-7738', '기타', '베트남쌀국수\r', '11:00:00', '22:00:00'),
	(267, '경복궁 서초점', '김미애', '반포동 44-4 ~6호 3/ 4층', '02-377-7758', '한식', '한정식\r', '11:30:00', '22:00:00'),
	(268, '하남돼지집 반포점', '김범일', '반포동 55-7 1층', '02-537-6282', '한식', '돼지고기\r', '11:30:00', '23:00:00'),
	(269, '무교동유정낙지반포점', '이현숙', '반포동 57-3', '02-599-0088', '한식', '낙지볶음\r', '11:30:00', '21:00:00'),
	(270, '한지박', '허순영', '반포동 58-6', '02-3478-0834', '한식', '닭볶음탕/삼겹살\r', '09:30:00', '22:00:00'),
	(271, '다봉', '신석우', '반포동 63-1 외4필지 팔래스호텔 64-1/64-2/64-3/64-4', '02-2186-6888', '일식', '회초밥\r', '13:00:00', '21:00:00'),
	(272, 'h\' Garden(에이치가든)', '박홍진', '반포동 63-1 팔래스호텔 1층', '02-2186-6885', '뷔페식', '뷔페\r', '11:00:00', '22:00:00'),
	(273, '남도미락', '김시윤', '반포동 65-1 외2필지 궁전상가 101/102/103/104/105/106/109/110호', '02-595-6060', '한식', '연포탕\r', '11:00:00', '22:00:00'),
	(274, '레드브릭(Redbrick)', '고우현', '반포동 72-8 1층', '02-591-7878', '양식', '피자\r', '11:30:00', '21:00:00'),
	(275, '서래말 면옥집', '최선희', '반포동 72-10 1층~2층', '02-596-3450', '한식', '함흥냉면\r', '11:00:00', '21:50:00'),
	(276, '하노이의아침', '최윤영', '반포동 90-1 가나빌딩 5층', '02-599-5320', '기타', '베트남쌀국수\r', '11:30:00', '21:00:00'),
	(277, '하루', '김덕규', '반포동 90-4 (2층)', '02-532-0224', '한식', '고기\r', NULL, NULL),
	(278, '화담', '정진철', '반포동 92-6 2층', '02-533-4443', '일식', '차돌박이\r', '11:00:00', '02:00:00'),
	(279, '서래본가', '서심순', '반포동 93-1 1층/2층/3층', '02-3477-9192', '한식', '갈비탕\r', '11:30:00', '22:00:00'),
	(280, '육갑식당', '홍정민', '반포동 93-2 1층 가호', '02-533-9282', '한식', '와규\r', '15:00:00', '23:00:00'),
	(281, '전주행', '이인건', '반포동 95-5 2층', '02-599-8119', '한식', '전주비빔밥\r', '11:00:00', '22:00:00'),
	(282, '포폴라리타', '임영자', '반포동 96-1 1층', '02-593-2340', '양식', '스파게티\r', '11:30:00', '22:00:00'),
	(283, '서래횟집', '공맹자', '반포동 104-2 1층', '02-532-1573', '일식', '회초밥\r', '11:00:00', '23:00:00'),
	(284, '황제', '석가연', '반포동 105-1 (지상2층)', '02-536-8820', '중식', '중국요리\r', '11:30:00', '21:30:00'),
	(285, '(주)톰볼라', '김주환', '반포동 106-8 1층 101호', '02-593-4661', '양식', '스테이크\r', '15:30:00', '17:30:00'),
	(286, '주미요', 'HAN LI', '반포동 107-9 1층/ 위너스빌', '02-599-1988', '중식', '북경오리\r', '11:00:00', '22:00:00'),
	(287, '한국회관', '김경희', '반포동 107-45 가동 1층/2층', '02-595-3355', '한식', '한우/탕\r', '11:30:00', '22:00:00'),
	(288, '우주', '박은솔', '반포동 107-80 1/2층', '02-595-1838', '한식', '등심\r', '11:00:00', '22:00:00'),
	(289, '올반프리미엄 센트럴시티점', '김운아 외 1명', '반포동 118-3 외 7필지 센트럴시티 파미에스테이션 1층  FP103호', '02-591-2213', '한식', '뷔페\r', '11:00:00', '22:00:00'),
	(290, '주식회사 에프아이씨', '이경진', '반포동 649 새빛둥둥섬 제1섬 3층', '02-537-2440', '양식', '피자/파스타\r', NULL, NULL),
	(291, '어랑 생선밥상', '한석동', '반포동 736', '02-516-3690', '한식', '생선구이\r', '10:30:00', '21:30:00'),
	(292, '평가옥(반포점)', '이창건', '반포동 746-5 서일빌딩 1층 (103-107호)', '02-3444-8030', '한식', '냉면\r', '11:00:00', '22:00:00'),
	(293, '이춘복참치 신논현', '이춘복', '반포동 748-12 지하1층/지상1층', '02-542-4558', '일식', '회코스\r', '11:00:00', '22:00:00'),
	(294, '누룽누룽', '조윤주', '반포동 817 G동 지상 1층 6호', '02-592-6565', '한식', '백숙\r', '11:00:00', '22:00:00'),
	(295, '식도원', '신정숙', '반포동 817 상가E블럭 32-1/33호', '02-599-3825', '일식', '정통일식\r', '17:00:00', '23:00:00'),
	(296, '맷돌로만', '박창훈', '반포동 1053 H동 4호~6호', '02-535-1233', '한식', '순두부\r', '11:00:00', '22:00:00'),
	(297, '더가든 키친', '박순희', '잠원동 6-1 더리버사이드호텔 1층(지하 1층?) 1동', '02-6710-1133', '뷔페식', '뷔페\r', '11:30:00', '21:30:00'),
	(298, '영동설농탕', '김용호', '잠원동 10-53', '02-543-4716', '한식', '설렁탕\r', '00:00:00', '24:00:00'),
	(299, '노독일처', '남숙자', '잠원동 15-10 라성빌딩 1층', '02-517-4552', '중식', '자장면\r', '11:00:00', '21:30:00'),
	(300, '내고향본가', '박말녀 외 1명', '잠원동 17-1 2/3/4/5', '02-540-6331', '한식', '남도요리\r', '11:00:00', '22:00:00'),
	(301, '강남 따로국밥', '백윤상', '잠원동 19-10 1동 2층', '02-543-2527', '한식', '국밥\r', '07:00:00', '21:00:00'),
	(302, '원조마산콧털네아구찜', '최금란 외 1명', '잠원동 20-1 근생빌딩 A동 1층', '02-548-9139', '한식', '간장게장\r', NULL, NULL),
	(303, '이모 전주콩나물 국밥', '고영자', '잠원동 21-1 2층', '02-547-7908', '한식', '콩나물국밥\r', '00:00:00', '24:00:00'),
	(304, '삼호복집', '서미경', '잠원동 22-17 용량빌딩 1층', '02-542-7296', '한식', '복매운탕\r', '11:00:00', '22:00:00'),
	(305, '진대감', '김희석', '잠원동 23-8 수인빌딩 지상1층', '02-543-8858', '한식', '차돌삼합\r', '11:30:00', '22:00:00'),
	(306, '양쓰부', 'YU CHENG LO', '잠원동 25-25 (1층)', '02-549-5922', '중식', '짜장\r', '11:30:00', '20:00:00'),
	(307, '공리', '김태림', '잠원동 26-9 1층/2층', '02-544-3239', '중식', '탕수육\r', '00:00:00', '24:00:00'),
	(308, '(주)프로간장게장', '김종윤', '잠원동 27-1 (지상1층/2층)', '02-543-4126', '한식', '간장게장\r', '10:00:00', '05:00:00'),
	(309, '황금코다리', '구임순', '잠원동 29-3 1층', '02-3444-8474', '한식', '코다리\r', '10:00:00', '22:00:00'),
	(310, '의정부 평양면옥', '박찬석 외 1명', '잠원동 29-23 1/2층', '02-547-6947', '한식', '냉면\r', '11:00:00', '21:00:00'),
	(311, '진동둔횟집', '박외숙 외 1명', '잠원동 36-18 지하1층/1층/2층', '02-544-2179', '일식', '대구탕\r', '12:00:00', '22:00:00'),
	(312, '봉평고향메밀촌', '박대섭', '잠원동 39-1 동화빌딩 1층', '02-511-7888', '한식', '막국수\r', '10:00:00', '21:30:00'),
	(313, '도쿄하나 잠원점', '이범택', '잠원동 66-2 파스텔프라자 A-201호', '02-3476-5100', '일식', '생선회/스시\r', '11:00:00', '20:00:00'),
	(314, 'JS가든(잠원점)', '정영태', '잠원동 66-2', '02-595-1221', '중식', '해삼전복볶음\r', '11:30:00', '22:00:00'),
	(315, '반포면옥', '소순경', '잠원동 70 / 5호', '02-591-4281', '한식', '냉면\r', NULL, NULL);
/*!40000 ALTER TABLE `seocho` ENABLE KEYS */;

-- 테이블 sawwell.seochofood 구조 내보내기
CREATE TABLE IF NOT EXISTS `seochofood` (
  `foodid` int(11) NOT NULL AUTO_INCREMENT,
  `name` varchar(30) COLLATE utf8mb4_unicode_ci DEFAULT NULL,
  `price` int(11) DEFAULT NULL,
  `seochono` int(11) NOT NULL,
  PRIMARY KEY (`foodid`),
  KEY `seochofood_seochono_fd24aac7_fk_seocho_seochono` (`seochono`),
  CONSTRAINT `seochofood_seochono_fd24aac7_fk_seocho_seochono` FOREIGN KEY (`seochono`) REFERENCES `seocho` (`seochono`)
) ENGINE=InnoDB AUTO_INCREMENT=1590 DEFAULT CHARSET=utf8mb4 COLLATE=utf8mb4_unicode_ci;

-- 테이블 데이터 sawwell.seochofood:~1,589 rows (대략적) 내보내기
/*!40000 ALTER TABLE `seochofood` DISABLE KEYS */;
INSERT INTO `seochofood` (`foodid`, `name`, `price`, `seochono`) VALUES
	(1, '낚지볶음', 25000, 1),
	(2, '도토리 묵무침', 10000, 1),
	(3, '해초국수(후식)', 3000, 1),
	(4, '공기밥', 2000, 1),
	(5, '박살사시미(육사시미)(250g)', 45000, 2),
	(6, '육회', 28000, 2),
	(7, '수육', 30000, 2),
	(8, '간천엽', 20000, 2),
	(9, '버섯구이', 15000, 2),
	(10, '묵냉채', 10000, 2),
	(11, '불청육회', 30000, 2),
	(12, '도가니', 30000, 2),
	(13, '불고기', 30000, 2),
	(14, '더덕육회', 30000, 2),
	(15, '더덕무침', 20000, 2),
	(16, '박살사시미&육회', 45000, 2),
	(17, '박살사시미&수육', 55000, 2),
	(18, '육회&수육', 50000, 2),
	(19, '묵무침', 20000, 2),
	(20, '퐁듀통닭', 24000, 3),
	(21, '이태리통닭', 23000, 3),
	(22, '숯불바베큐통닭', 21000, 3),
	(23, '허니콘치즈통닭', 22000, 3),
	(24, '파마늘통닭', 17000, 3),
	(25, '현미통닭', 15000, 3),
	(26, '닭불고기', 18000, 3),
	(27, '얼큰통닭', 22000, 3),
	(28, '허니매콤간장통닭', 20000, 3),
	(29, '리코타치즈피자', 15000, 3),
	(30, '로제불고기피자', 15000, 3),
	(31, '아몬드불고기피자', 12000, 3),
	(32, '이베리코 바질피자', 12000, 3),
	(33, '부채살스테이크', 15000, 3),
	(34, '오돌뼈주먹밥', 15000, 3),
	(35, '치즈 포테이토', 10000, 3),
	(36, '쉬림프 크림/로제 스위트 마늘빵', 13000, 3),
	(37, '가마보꼬어묵탕', 13000, 3),
	(38, '통오징어해물 짬뽕탕', 18000, 3),
	(39, '국물떡볶이', 12000, 3),
	(40, '골뱅이무침', 13000, 3),
	(41, '윙봉튀김', 12000, 3),
	(42, '치킨가라아게', 12000, 3),
	(43, '철판치즈소시지', 12000, 3),
	(44, '해물라면', 4500, 3),
	(45, '열대과일 리코타치즈 샐러드', 11000, 3),
	(46, '화덕 먹태구이', 12000, 3),
	(47, '화덕모둠포', 14000, 3),
	(48, '갈릭바게트', 4000, 3),
	(49, '인도 난', 4000, 3),
	(50, '치즈볼', 5000, 3),
	(51, '셀프주먹밥', 4000, 3),
	(52, '황도', 5000, 3),
	(53, '우삼겹(180g)', 12000, 4),
	(54, '삼겹살(180g)', 14000, 4),
	(55, '갈비살(180g)', 18000, 4),
	(56, '된장찌개', 1000, 4),
	(57, '공기밥', 1000, 4),
	(58, '참이맛감자탕(소&중&대)', 35000, 5),
	(59, '묵은지감자탕(소&중&대)', 38000, 5),
	(60, '참이맛등뼈찜(중&대)', 40000, 5),
	(61, '뼈해장국', 8000, 5),
	(62, '불고기뚝배기', 8000, 5),
	(63, '스시가정식', 33000, 6),
	(64, '사시미정식A코스', 120000, 6),
	(65, '전복사시미', 120000, 6),
	(66, '모듬초밥', 38500, 6),
	(67, '저녁특정식', 70000, 6),
	(68, '삼겹살(180g)', 13000, 7),
	(69, '항정살(150g)', 13000, 7),
	(70, '껍데기(150g)', 8000, 7),
	(71, '김치찌개(후식)', 4000, 7),
	(72, '된장찌개(후식)', 4000, 7),
	(73, '새우오일파스타', 8800, 8),
	(74, '삼겹살라이스', 10800, 8),
	(75, '미트오일파스타', 10800, 8),
	(76, '삼겹살오일파스타', 11800, 8),
	(77, '칠리오일파스타', 10800, 8),
	(78, '두가지사시미(광어&연어)', 32000, 9),
	(79, '나가사끼짬뽕나베', 25500, 9),
	(80, '명란크림우동', 21000, 9),
	(81, '쇠고기타다끼', 24500, 9),
	(82, '철판치즈불닭', 24500, 9),
	(83, '문어초회', 24000, 9),
	(84, '칼국수', 10000, 10),
	(85, '교자만두', 11000, 10),
	(86, '얼큰칼국수', 10000, 10),
	(87, '얼큰수제비', 10000, 10),
	(88, '완당떡국', 10000, 10),
	(89, '모듬생구이(600g)', 50000, 11),
	(90, '옛날통갈비(350g)', 30000, 11),
	(91, '오겹살&삼겹살&목살(150g)', 15000, 11),
	(92, '양념갈비(250g)', 16000, 11),
	(93, '항정살&가브리살&갈매기살(150g)', 16000, 11),
	(94, '양지쌀국수', 9800, 12),
	(95, '분짜', 15000, 12),
	(96, '불고기 쌀국수', 12000, 12),
	(97, '차돌박지 쌀국수', 13000, 12),
	(98, '반쎄오', 18000, 12),
	(99, '볶음밥', 9800, 12),
	(100, '찹쌀떡(10개 포장가능)', 19000, 13),
	(101, '단팥죽', 8000, 13),
	(102, '팥빙수', 10000, 13),
	(103, '빙수용 조림팥(500g)', 8000, 13),
	(104, '미숫가루(800g)', 15000, 13),
	(105, '쑥찹쌀떡', 2300, 13),
	(106, '점심한상', 17000, 14),
	(107, '저녁한상', 22000, 14),
	(108, '보리굴비한상', 22000, 14),
	(109, '새댁 회 코스', 27000, 14),
	(110, '주안상 코스', 38000, 14),
	(111, '노랑 코스', 45000, 14),
	(112, '일품보쌈(일품요리)', 35000, 14),
	(113, '치즈', 28000, 15),
	(114, '표고&블루치즈', 34000, 15),
	(115, '소시지와 버섯', 30000, 15),
	(116, '페퍼로니', 23000, 15),
	(117, '이탈리안밤', 32000, 15),
	(118, '화이트 할라피뇨', 32000, 15),
	(119, '실장추천참치', 38000, 16),
	(120, '회덮밥(점심메뉴)', 9000, 16),
	(121, '참치스페셜', 28000, 16),
	(122, '일품참치', 55000, 16),
	(123, '혼마구로', 75000, 16),
	(124, '히레까스(점심메뉴)', 8000, 16),
	(125, '하루하루런치특선', 13900, 17),
	(126, '런치 특선우 무한', 17900, 17),
	(127, '런치 프리미엄 와규 무한', 25900, 17),
	(128, '1+1+1 플레이트', 24900, 17),
	(129, '특선우 무한', 27900, 17),
	(130, '프리미엄 와규 무한', 34900, 17),
	(131, '특양구이', 37000, 18),
	(132, '한우대창구이', 36000, 18),
	(133, '한우살치살', 73000, 18),
	(134, '한우안심', 69000, 18),
	(135, '한우등심', 62000, 18),
	(136, '운동장갈비', 91000, 18),
	(137, '탄두리 치킨', 26500, 19),
	(138, '치킨 마크니', 23500, 19),
	(139, '팔락 파니르', 24500, 19),
	(140, '치즈 난', 5900, 19),
	(141, '갈릭 난', 3700, 19),
	(142, '쉬림프 플라우', 20500, 19),
	(143, '한우불고기 돌솥 비빔밥', 15000, 20),
	(144, '영양 갈비탕', 15000, 20),
	(145, '활전복 갈비탕', 23000, 20),
	(146, '한우생불고기', 25000, 20),
	(147, '한우불고기 활전복 전골', 25000, 20),
	(148, '한우불고기 활전복 전골 정식', 28000, 20),
	(149, '옛날육수불고기 세트', 21000, 21),
	(150, '옛날육수불고기', 19000, 21),
	(151, '바싹 불고기 세트', 31800, 21),
	(152, '바싹 불고기', 19000, 21),
	(153, '불고기 쌈밥 정식', 20000, 21),
	(154, '한우 차돌박이', 22000, 21),
	(155, '스페셜초밥(12p)', 23000, 22),
	(156, '다미초밥(11p)', 14000, 22),
	(157, '광어&연어사시미', 60000, 22),
	(158, '모듬사시미', 70000, 22),
	(159, '에비동', 10000, 22),
	(160, '특한우가마솥국밥', 10000, 23),
	(161, '한우가마솥국밥', 7500, 23),
	(162, '한우육국수', 8000, 23),
	(163, '철판제육쌈밥', 7500, 23),
	(164, '한우모듬구이(500g)', 99000, 23),
	(165, '한우생등심(130g)', 24000, 23),
	(166, '서동본인립아이 스테이크', 35000, 24),
	(167, '서동 티본 스테이크', 35000, 24),
	(168, '서동명성', 80000, 24),
	(169, '서동명품', 57000, 24),
	(170, '건조숙성등심&채끝', 47000, 24),
	(171, '갈비살(130g)', 45000, 24),
	(172, '해물솥밥', 12000, 25),
	(173, '해물파전', 15000, 25),
	(174, '곤드레솥밥', 9500, 25),
	(175, '치즈불낙솥밥', 11000, 25),
	(176, '꼬막무침', 23000, 25),
	(177, '낙지볶음', 20000, 25),
	(178, '해우담 맛있는 정식', 29000, 26),
	(179, '해초고등어 한상차림', 13000, 26),
	(180, '전복뚝배기', 15000, 26),
	(181, '해초회덮밥', 13000, 26),
	(182, '전복 순두부찌개', 15000, 26),
	(183, '고등어조림', 15000, 26),
	(184, '자연산 숙성도미회', 45000, 27),
	(185, '봉피양 평양냉면', 15000, 27),
	(186, '돼지목심本갈비', 33000, 27),
	(187, '한우갈비탕', 32000, 27),
	(188, '생양념구이', 35000, 27),
	(189, '한우채끝등심', 49000, 27),
	(190, '한우보양탕', 12000, 28),
	(191, '더하누 스페셜 등심(150g)', 53000, 28),
	(192, '부대찌개', 10000, 28),
	(193, '버섯비빔밥', 9000, 28),
	(194, '한우차돌된장찌개', 8000, 28),
	(195, '왕갈비탕', 15000, 28),
	(196, '한우 대창(200g)', 16000, 29),
	(197, '한우 막창(170g)', 16000, 29),
	(198, '특양(130g)', 19000, 29),
	(199, '양모듬(340g)', 19000, 29),
	(200, '차돌박이(200g)', 35000, 29),
	(201, '양밥', 15000, 29),
	(202, '한우차돌삼합', 25000, 30),
	(203, '한우파김치전골', 55000, 30),
	(204, '한우 1++생등심', 42000, 30),
	(205, '한우차돌박이', 25000, 30),
	(206, '한우꽃게된장찌개', 10000, 30),
	(207, '관자장비빔밥', 10000, 30),
	(208, '한우차돌짬뽕라면', 8000, 30),
	(209, '투뿔등심(++)', 46000, 31),
	(210, '삼겹살', 16000, 31),
	(211, '안심', 42000, 31),
	(212, '됐소모듬', 98000, 31),
	(213, '목살', 18000, 31),
	(214, '한돈모듬', 68000, 31),
	(215, '숙성 삼겹살(150g)', 18000, 32),
	(216, '한우스페셜', 143000, 32),
	(217, '숙성목살(150g)', 18000, 32),
	(218, '숙성 목살 불고기(180g)', 21000, 32),
	(219, '숙성 가브리살(130g)', 20000, 32),
	(220, '속성 항정살(130g)', 20000, 32),
	(221, '점심세트(요리3가지)', 19000, 33),
	(222, '전가복', 69000, 33),
	(223, '코스요리초선(점심)', 28000, 33),
	(224, '칠리중새우', 39000, 33),
	(225, '해물누룽지탕', 49000, 33),
	(226, '동파육', 46000, 33),
	(227, '삼선짬뽕', 11000, 34),
	(228, '차돌짬뽕', 12000, 34),
	(229, '굴짬뽕', 12000, 34),
	(230, '등심탕수육(2~3인분)', 27000, 34),
	(231, '등심탕수육(3~4인분)', 42000, 34),
	(232, '제철회', 39000, 35),
	(233, '회백반 특상', 35000, 35),
	(234, '회백반 한상', 25000, 35),
	(235, '회덮밥', 15000, 35),
	(236, '대구맑은탕', 15000, 35),
	(237, '대구 매운탕', 15000, 35),
	(238, '한라담 갈비탕', 11000, 36),
	(239, '소고기사골 보신탕', 10000, 36),
	(240, '꼬들살김치찌개', 9000, 36),
	(241, '한우육회비빔밥', 12000, 36),
	(242, '전통평양냉면(물/비빔)', 11000, 36),
	(243, '한라담 냉면(물/비빔)', 10000, 36),
	(244, '상추쌈 런치', 22800, 37),
	(245, '샤브샤브런치', 36800, 37),
	(246, '특선한우샤브샤브(프라임)', 63800, 37),
	(247, '해물 샤브샤브', 68800, 37),
	(248, '해물모듬물회', 20000, 38),
	(249, '스페셜 사시미', 70000, 38),
	(250, '모듬 사시미A', 50000, 38),
	(251, '모듬 사시미B', 50000, 38),
	(252, '복매운탕', 30000, 39),
	(253, '맑은뚝배기', 15000, 39),
	(254, '복고니', 27000, 39),
	(255, '참보+활전복', 40000, 39),
	(256, '복튀김', 35000, 39),
	(257, 'A코스', 15000, 40),
	(258, 'B코스', 18000, 40),
	(259, 'C코스', 23000, 40),
	(260, '통짜장면', 6000, 40),
	(261, '해물쟁반짜장', 8000, 40),
	(262, '차돌박이 짬뽕', 9000, 40),
	(263, '우거지갈비탕', 15000, 41),
	(264, '도가니탕', 19000, 41),
	(265, '내장곰탕', 19000, 41),
	(266, '소머리곰탕', 19000, 41),
	(267, '꼬리곰탕', 20000, 41),
	(268, '불고기전골', 15000, 41),
	(269, '참게&메기매운탕', 23000, 42),
	(270, '메기매운탕', 17000, 42),
	(271, '메기 양념구이(찜)', 22000, 42),
	(272, '빠가사리매운탕(1인분)', 25000, 42),
	(273, '북어국', 8000, 43),
	(274, '매생이북어국', 9500, 43),
	(275, '바지락비빔밥', 9000, 43),
	(276, '통북어조치', 9000, 43),
	(277, '떡갈비(대)', 12000, 43),
	(278, '북어떡국', 9000, 43),
	(279, '갈비정식', 38000, 44),
	(280, '주물럭', 65000, 44),
	(281, '양념갈비(250g)', 65000, 44),
	(282, '등심', 74000, 44),
	(283, '안창살', 78000, 44),
	(284, '육회', 53000, 44),
	(285, '육갑', 15000, 45),
	(286, '육갑 꽃살', 26000, 45),
	(287, '육갑 등심', 25000, 45),
	(288, '육갑 목살(이베리코)', 14000, 45),
	(289, '육갑 삼겹살', 11000, 45),
	(290, '육갑 꽃돼지(이베리코)', 14000, 45),
	(291, '강릉 장칼국수', 9000, 46),
	(292, '부안 아버지 닭도리탕', 38000, 46),
	(293, '서울 한국수', 9000, 46),
	(294, '벌교 꼬막비빔밥', 11000, 46),
	(295, '담양 떡갈비(360g)', 17000, 46),
	(296, '밀양 돼지국밥', 9000, 46),
	(297, '추어셋트', 16000, 47),
	(298, '추어불고기', 40000, 47),
	(299, '추어탕(돌솥밥포함)', 12000, 47),
	(300, '통 추어탕', 14000, 47),
	(301, '삼계탕', 15000, 47),
	(302, '순두부찌개(돌솥밥)', 9000, 47),
	(303, '오곡채 보쌈', 25000, 48),
	(304, '반반보쌈', 40000, 48),
	(305, '생굴보쌈', 40000, 48),
	(306, '돌게게장', 20000, 48),
	(307, '곤드레밥정식', 10000, 48),
	(308, '보쌈정식', 15000, 48),
	(309, '자연산 정식', 110000, 49),
	(310, '선 정신', 77000, 49),
	(311, '산해진미', 33000, 49),
	(312, '특 산해진미 정식(접대용)', 55000, 49),
	(313, '보리굴비 정식', 33000, 49),
	(314, '간장게장 정식', 33000, 49),
	(315, '곰탕', 9000, 50),
	(316, '수육中', 25000, 50),
	(317, '수육大', 35000, 50),
	(318, '수육전골中', 35000, 50),
	(319, '수육전골大', 45000, 50),
	(320, '냉면', 8000, 50),
	(321, '만두', 6000, 50),
	(322, '설렁탕', 9500, 51),
	(323, '얼큰 설렁탕', 10000, 51),
	(324, '서울식 불고기', 12500, 51),
	(325, '김치전', 10000, 51),
	(326, '도가니탕', 18000, 51),
	(327, '수만두설렁탕', 10000, 51),
	(328, '김치찌개', 7000, 52),
	(329, '차돌된장찌개', 7000, 52),
	(330, '낙지볶음', 14000, 52),
	(331, '코다리조림', 16000, 52),
	(332, '삼겹살', 12000, 52),
	(333, '이베리코 목살', 15000, 52),
	(334, 'A코스', 60000, 53),
	(335, '참복 코스 요리 특A', 100000, 53),
	(336, '참복 코스 요리 특B', 80000, 53),
	(337, 'B코스', 40000, 53),
	(338, '참복 사시미 1인분', 40000, 53),
	(339, '참복 지리', 38000, 53),
	(340, '명품구이', 55000, 54),
	(341, '모둠구이', 38000, 54),
	(342, '뭉티기 대', 55000, 54),
	(343, '뭉티기 중', 33000, 54),
	(344, '된장찌개', 8000, 54),
	(345, '육회비빔밥', 9000, 54),
	(346, '활어모둠회(변동)', 110000, 55),
	(347, '광어(변동)', 50000, 55),
	(348, '우럭(변동)', 55000, 55),
	(349, '도미(변동)', 90000, 55),
	(350, '농어(변동)', 90000, 55),
	(351, '도다리(변동)', 75000, 55),
	(352, '3代 시래기국', 8000, 56),
	(353, '씨앗 된장 시래기밥', 9000, 56),
	(354, '얼큰 시래기국', 8000, 56),
	(355, '시래기 곱창 뚝배기', 11000, 56),
	(356, '냉열무국수/비빔국수(여름한정)', 7000, 56),
	(357, '도마수육정식', 11000, 56),
	(358, '보리굴비 한상차림(점심)', 33000, 57),
	(359, '산정식', 58000, 57),
	(360, '보리굴비 식사', 25000, 57),
	(361, '간장게장 한상차림', 48000, 57),
	(362, '보리굴비한상차림', 29000, 58),
	(363, '약수돌솥밥과보리굴비', 25000, 58),
	(364, '약수돌솥밥과간장게장', 48000, 58),
	(365, '약수돌솥밥과시골된장찌개', 13000, 58),
	(366, '약수돌솥밥과곱창김치찌개', 13000, 58),
	(367, '약수돌솥밥과콩비지', 13000, 58),
	(368, '바싹소불고기', 20000, 59),
	(369, '영산돼지불고기', 17000, 59),
	(370, '양념코다리', 14000, 59),
	(371, '청국장찌개', 10000, 59),
	(372, '된장찌개', 9000, 59),
	(373, '뼈김치찌개', 9000, 59),
	(374, '나주곰탕', 10000, 60),
	(375, '갈비탕', 15000, 60),
	(376, '뚝배기불고기', 10000, 60),
	(377, '육회비빔밥', 10000, 60),
	(378, '육회(200g)', 23000, 60),
	(379, '수육中(300g)', 35000, 60),
	(380, '소금구이', 59000, 61),
	(381, '양념갈비', 53000, 61),
	(382, '갈비살', 62000, 61),
	(383, '꽃등심', 59000, 61),
	(384, '옛날식불고기', 23000, 61),
	(385, '진갈비살', 29000, 61),
	(386, '어향동고', 38000, 62),
	(387, '게살삼슬', 45000, 62),
	(388, '옛날볶음밥', 8000, 62),
	(389, '옛날짬뽕', 8000, 62),
	(390, '철판닭갈비', 9000, 63),
	(391, '곱순닭갈비', 11000, 63),
	(392, '삼겹닭갈비', 11500, 63),
	(393, '갑오징어닭갈비', 14500, 63),
	(394, '갈비맛닭갈비', 11000, 63),
	(395, '쭈꾸미닭갈비', 13500, 63),
	(396, '도가니탕', 20000, 64),
	(397, '고기듬뿍설농탕', 17000, 64),
	(398, '마늘설농탕', 12000, 64),
	(399, '백세설농탕', 14000, 64),
	(400, '들깨설농탕', 14000, 64),
	(401, '대관령황태설농탕', 13000, 64),
	(402, '런치코스1', 25000, 65),
	(403, '런치코스2', 35000, 65),
	(404, '프리미엄코스', 55000, 65),
	(405, '스페셜 코스', 70000, 65),
	(406, '양념갈비', 25000, 66),
	(407, '한우불고기', 20000, 66),
	(408, '한우육회', 25000, 66),
	(409, '한우갈비살', 32000, 66),
	(410, '한우등심', 32000, 66),
	(411, '한우살치살', 36000, 66),
	(412, '두부전골(대)', 28000, 67),
	(413, '생두부부침(대)', 7000, 67),
	(414, '검정두부부침(대)', 8000, 67),
	(415, '자연식순두부', 10000, 67),
	(416, '뚝배기순두부', 10000, 67),
	(417, '이북식시래기되비지', 10000, 67),
	(418, '암소한우모듬(500g)', 190000, 68),
	(419, '소들녘 本갈비', 38000, 68),
	(420, '암소한우 안심(130g)', 72000, 68),
	(421, '암소한우  生갈비(230g)', 72000, 68),
	(422, '암소한우 눈꽃등심(150g)', 65000, 68),
	(423, '암소한우 채끝등심(150g)', 62000, 68),
	(424, '채끝 등심 스테이크(250g)', 34000, 69),
	(425, '알리오올리오', 16000, 69),
	(426, '봉골레', 19000, 69),
	(427, '날치알 부추 파스타', 19000, 69),
	(428, '감베로니', 18000, 69),
	(429, '버섯 초리조 파스타', 20000, 69),
	(430, '광어', 70000, 70),
	(431, '세꼬시', 35000, 70),
	(432, '콩비지', 8000, 71),
	(433, '얼큰순두부', 8000, 71),
	(434, '청국장', 8000, 71),
	(435, '콩국수', 11000, 71),
	(436, '모두부', 11000, 71),
	(437, '서리태콩전', 15000, 71),
	(438, '돌솥밥 정식', 15000, 71),
	(439, '디아볼라 부팔라', 22000, 72),
	(440, '피타 치즈', 21000, 72),
	(441, '고르곤졸라', 20000, 72),
	(442, '루꼴라시금치피자', 23000, 72),
	(443, '브라타카프레제샐러드', 18000, 72),
	(444, '등심', 26000, 73),
	(445, '차돌박이', 26000, 73),
	(446, '갈비살', 26000, 73),
	(447, '김치찌개', 7000, 73),
	(448, '된장찌개', 7000, 73),
	(449, '영양삼계탕', 16500, 74),
	(450, '전기구이통닭(대)', 17000, 74),
	(451, '전기구이통닭(중)', 16000, 74),
	(452, '영양닭죽', 11000, 74),
	(453, '수원본생갈비', 30500, 75),
	(454, '수원본양념갈비', 28500, 75),
	(455, '수원갈비살', 15000, 75),
	(456, '한우육회', 20000, 75),
	(457, '기절초풍 갈비탕', 10000, 75),
	(458, '카치오페페', 19000, 76),
	(459, '나폴리풍의 스파게티니', 21000, 76),
	(460, '봉골레', 22000, 76),
	(461, '까르보나라', 23000, 76),
	(462, '양갈비스테이크(2pc)', 34000, 76),
	(463, '울정식', 24000, 77),
	(464, '목정식', 38000, 77),
	(465, '돌정식', 32000, 77),
	(466, '저녁정식', 65000, 78),
	(467, '점심특선 A코스', 30000, 78),
	(468, '점심특선 B코스', 40000, 78),
	(469, '점심특선 C코스', 55000, 78),
	(470, '특생선초밥', 44000, 78),
	(471, '안창살', 48000, 79),
	(472, '살치살', 45000, 79),
	(473, '갈비살', 35000, 79),
	(474, '생등심', 35000, 79),
	(475, '육회', 25000, 79),
	(476, '포메인 쌀국수(S)', 11000, 80),
	(477, '포메인 쌀국수(L)', 13000, 80),
	(478, '포메인 월남쌈(S)', 35000, 80),
	(479, '포메인 월남쌈(L)', 45000, 80),
	(480, '소고기볶음밥', 14500, 80),
	(481, '아지매국밥', 8000, 81),
	(482, '밀면(물or비빔)', 8000, 81),
	(483, '쭈꾸미비빔밥', 9000, 81),
	(484, '얼큰이국밥', 8000, 81),
	(485, '냉채족발', 30000, 81),
	(486, '오리지날 뉴욕', 14900, 82),
	(487, '크레이지 핫', 14900, 82),
	(488, '고르곤졸라', 15900, 82),
	(489, '페페로니', 15900, 82),
	(490, '베이컨 체다', 15900, 82),
	(491, '불쭈꾸미(2인이상)', 10000, 83),
	(492, '돌솥불고기비빔밥', 9000, 83),
	(493, '황태콩나물탕', 8000, 83),
	(494, '황태전복굴탕', 15000, 83),
	(495, '메생이굴탕', 11000, 83),
	(496, '특삼선짬뽕', 9500, 84),
	(497, '중국냉명', 9000, 84),
	(498, '굴짬뽕', 8000, 84),
	(499, '탕수오징어', 28000, 84),
	(500, '찹쌀탕수육(꿔바로우)', 30000, 84),
	(501, '한우생등심투뿔', 48000, 85),
	(502, '제주오겹살', 16000, 85),
	(503, '한우모듬', 88000, 85),
	(504, '목살', 16000, 85),
	(505, '한우살치살', 55000, 85),
	(506, '초원정식(점심특선)', 35000, 86),
	(507, '복지리', 25000, 86),
	(508, '참복활어지리', 65000, 86),
	(509, '복초밥', 25000, 86),
	(510, '복 죽', 15000, 86),
	(511, '국산홍어삼합(중)', 60000, 87),
	(512, '국산홍어삼합(대)', 80000, 87),
	(513, '칠레산홍어삼합(중)', 40000, 87),
	(514, '칠레산홍어삼합(대)', 60000, 87),
	(515, '홍어탕', 30000, 87),
	(516, '송이전복돌솥밥', 30000, 88),
	(517, '전복뚝배기', 15000, 88),
	(518, '전복돌솥밥', 15000, 88),
	(519, '갈치구이', 48000, 88),
	(520, '옥돔구이', 38000, 88),
	(521, 'VIP정식', 60000, 88),
	(522, '갈비찜(대)', 73000, 89),
	(523, '갈비찜(중)', 63000, 89),
	(524, '갈비찜(소)', 53000, 89),
	(525, '물냉명', 10000, 89),
	(526, '회냉면', 10000, 89),
	(527, '생태찌개', 16000, 90),
	(528, '코다리찜(중)', 35000, 90),
	(529, '코다리찜(대)', 45000, 90),
	(530, '황태구이', 30000, 90),
	(531, '홍어무침', 30000, 90),
	(532, '돼지김치찌개전골', 8000, 91),
	(533, '생삼겹살(180g)', 15000, 91),
	(534, '특목살(180g)', 15000, 91),
	(535, '생갈비(200g)', 15000, 91),
	(536, '갈매기살(150g)', 15000, 91),
	(537, '항정살(150g)', 16000, 91),
	(538, '혼마구로 정식', 50000, 92),
	(539, '특정식', 35000, 92),
	(540, '정식', 25000, 92),
	(541, '혼마구로초밥', 35000, 92),
	(542, '특초밥', 25000, 92),
	(543, '생대구지리', 15000, 92),
	(544, '설렁탕', 9000, 93),
	(545, '물냉면', 9000, 93),
	(546, '비빔냉면', 9000, 93),
	(547, '회냉면', 9000, 93),
	(548, '소머리국밥', 10000, 93),
	(549, '광어&우럭&밀치(소)', 30000, 94),
	(550, '모듬회(중)', 40000, 94),
	(551, '물회(소)', 25000, 94),
	(552, '서더리내장탕', 7000, 94),
	(553, '알탕', 7000, 94),
	(554, '활어회덮밥', 8000, 94),
	(555, '한방전통육개장', 8000, 95),
	(556, '육개장 설렁탕', 8000, 95),
	(557, '황태 설렁탕', 8000, 95),
	(558, '사골 떡 만두국', 8000, 95),
	(559, '양지냉면', 7000, 95),
	(560, '감자탕(대)', 35000, 96),
	(561, '감자탕(중)', 30000, 96),
	(562, '감자탕(소)', 25000, 96),
	(563, '묵은지김치찜(대)', 35000, 96),
	(564, '뼈찜(대)', 35000, 96),
	(565, '닭볶음탕', 35000, 96),
	(566, '장어', 39000, 97),
	(567, '장어탕', 8000, 97),
	(568, '잔치국수', 4000, 97),
	(569, '메밀국수', 4000, 97),
	(570, '수라상', 50000, 98),
	(571, '모악정 상차림', 70000, 98),
	(572, '맛좋은 상', 10000, 98),
	(573, '행복한 상', 15000, 98),
	(574, '어르신상', 20000, 98),
	(575, '양반상', 30000, 98),
	(576, '궁중상', 40000, 98),
	(577, '뼈 없는 찜닭(중)', 38000, 99),
	(578, '봉추찜닭(소)', 23000, 99),
	(579, '봉추찜닭(중)', 34000, 99),
	(580, '봉추찜닭(대)', 47000, 99),
	(581, '짜장면', 6000, 100),
	(582, '짬뽕', 7000, 100),
	(583, '삼선(통낙지)짬뽕', 10000, 100),
	(584, '삼선간짜장', 8000, 100),
	(585, '쟁반짜장', 8000, 100),
	(586, '하얀짬뽕', 9000, 100),
	(587, '한우꽃등심(130g)', 42000, 101),
	(588, '한우생등심(130g)', 35000, 101),
	(589, '한우특수부위(130g)', 56000, 101),
	(590, '갈빗살(130g)', 22000, 101),
	(591, '양념갈빗살(130g)', 25000, 101),
	(592, '불끈찜(대)', 55000, 102),
	(593, '불끈찜(중)', 45000, 102),
	(594, '불끈찜(소)', 35000, 102),
	(595, '매운갈비찜', 12000, 102),
	(596, '대게3kg(2마리)', 283200, 103),
	(597, '대게(1.2kg)', 113200, 103),
	(598, '대게(1.4kg)', 132100, 103),
	(599, '대게(1.5kg)', 141600, 103),
	(600, '대게(1.6kg)', 151000, 103),
	(601, '엑스퓨레 애딕트', 5500, 104),
	(602, '엑스퓨레 인텐스', 5500, 104),
	(603, '엑스퓨레 오리지널', 5500, 104),
	(604, '아나스타샤', 5500, 104),
	(605, '짜레브나', 5500, 104),
	(606, '나주곰탕', 9000, 105),
	(607, '꼬리곰탕', 18000, 105),
	(608, '수육(소)', 28000, 105),
	(609, '얼큰곰탕', 10000, 105),
	(610, '특곰탕', 13000, 105),
	(611, '아구찜(소)', 35000, 106),
	(612, '아구찜(중)', 45000, 106),
	(613, '아구찜(대)', 55000, 106),
	(614, '해물찜(소)', 40000, 106),
	(615, '해물찜(중)', 50000, 106),
	(616, '명가잔치국수', 4900, 107),
	(617, '아삭김치말이 국수', 6000, 107),
	(618, '명가비빔국수', 6000, 107),
	(619, '얼큰짬뽕국수', 6500, 107),
	(620, '명가만두국수', 6000, 107),
	(621, '살치&안창&토시(100g)', 30000, 108),
	(622, '안심&부채&치마(100g)', 25000, 108),
	(623, '꽃등심 1+', 22000, 108),
	(624, '등심 1+', 18000, 108),
	(625, '갈비살', 20000, 108),
	(626, '안창살', 45000, 109),
	(627, '살치&토시살', 40000, 109),
	(628, '꽃등심', 35000, 109),
	(629, '갈비살', 28000, 109),
	(630, '생등심', 25000, 109),
	(631, '한우스페셜', 55000, 110),
	(632, '한우 꽃등심', 55000, 110),
	(633, '한우 갈비살', 45000, 110),
	(634, '한우 생등심', 45000, 110),
	(635, '한우등심', 35000, 111),
	(636, '수제 소왕갈비', 29000, 111),
	(637, '육회', 25000, 111),
	(638, '갈비살', 18000, 111),
	(639, '수제 돼지왕갈비', 14000, 111),
	(640, '설렁탕', 10000, 112),
	(641, '도가니탕', 15000, 112),
	(642, '우작진탕', 16000, 112),
	(643, '꼬리곰탕', 23000, 112),
	(644, '양지수육(소)', 33000, 112),
	(645, '제육직화(3인)', 25000, 113),
	(646, '섞어직화(3인)', 25000, 113),
	(647, '오징어직화(3인)', 26000, 113),
	(648, '주꾸미직화(3인)', 26000, 113),
	(649, '낙지직화(3인)', 26000, 113),
	(650, '아구찜', 60000, 114),
	(651, '홍어회', 60000, 114),
	(652, '산낙지 호롱구이', 20000, 114),
	(653, '꼬막무침', 40000, 114),
	(654, '멍게비빔밥', 10000, 114),
	(655, '한우꽃등심', 65000, 115),
	(656, '서석대정식', 30000, 115),
	(657, '보리굴비 정식', 25000, 115),
	(658, '한우등심(150g)', 48000, 115),
	(659, '한우 주물럭(150g)', 43000, 115),
	(660, '생등심', 69000, 116),
	(661, '꽃갈비살', 49000, 116),
	(662, '양념갈비', 39000, 116),
	(663, '샤브샤브', 29000, 116),
	(664, '국수전골', 19000, 116),
	(665, '해물찜(소)', 59000, 117),
	(666, '바지락칼국수', 9000, 117),
	(667, '새알팥죽', 10000, 117),
	(668, '아구찜', 59000, 117),
	(669, '생혼마구로사시미', 24000, 118),
	(670, '생혼마구로스시', 25000, 118),
	(671, '유부우동', 9000, 118),
	(672, '등심돈까스덮밥', 13000, 118),
	(673, '카레라이스', 10000, 118),
	(674, '짜장면', 7000, 119),
	(675, '삼선간짜장', 8000, 119),
	(676, '사천탕면', 10000, 119),
	(677, '해물짬뽕', 8000, 119),
	(678, '북경탕수육(소)', 20000, 119),
	(679, '서초보쌈(소)', 35000, 120),
	(680, '서초보쌈(중)', 49000, 120),
	(681, '보쌈정식', 12000, 120),
	(682, '한우국밥', 9000, 120),
	(683, '막국수', 9000, 120),
	(684, '특골드 저녁메뉴', 120000, 121),
	(685, '활어골드 저녁메뉴', 100000, 121),
	(686, '모듬회 특 저녁메뉴', 80000, 121),
	(687, '특회정식 런치메뉴', 55000, 121),
	(688, '특정식 런치메뉴', 44000, 121),
	(689, '주말 회정식', 55000, 121),
	(690, '활어회무침(중)', 60000, 122),
	(691, '모듬사시미(중)', 90000, 122),
	(692, '특골드 저녁메뉴', 120000, 123),
	(693, '활어골드 저녁메뉴', 100000, 123),
	(694, '모듬회 특 저녁메뉴', 80000, 123),
	(695, '특회정식 런치메뉴', 55000, 123),
	(696, '특정식 런치메뉴', 44000, 123),
	(697, '보리굴비정식', 29000, 124),
	(698, '옥돔정식', 29000, 124),
	(699, '우동정식', 17000, 124),
	(700, '도미지리 또는 매운탕', 30000, 124),
	(701, '생대구지리 또는 매운탕', 27000, 124),
	(702, '짝꿍 떡볶이(2인)', 12000, 125),
	(703, '짝꿍 떡볶이(4인)', 21000, 125),
	(704, '춘장 떡볶이(2인)', 12000, 125),
	(705, '춘장 떡볶이(4인)', 21000, 125),
	(706, '해물떡볶이(2인)', 14000, 125),
	(707, '한우한마리(800g)', 95000, 126),
	(708, '돼지한마리(800g)', 52000, 126),
	(709, '꽃등심(150g)', 36000, 126),
	(710, '생등심(150g)', 32000, 126),
	(711, '차돌박이(150g)', 28000, 126),
	(712, '추어탕', 10000, 127),
	(713, '돈까스&우동', 8000, 127),
	(714, '통추어탕', 12000, 127),
	(715, '우렁추어탕', 12000, 127),
	(716, '올갱이추어탕', 12000, 127),
	(717, '오므라이스&우동', 8000, 127),
	(718, '생태전골', 14000, 128),
	(719, '동태전골', 8000, 128),
	(720, '대구탕', 10000, 128),
	(721, '생대구탕', 14000, 128),
	(722, '생선까스', 8000, 128),
	(723, '점심회정식(1인당)', 50000, 129),
	(724, '저녁회정식(1인당)', 88000, 129),
	(725, '탕', 20000, 129),
	(726, '점심 10인이상 단체 1인당', 33000, 129),
	(727, '저녁 10인이상 단체 1인당', 55000, 129),
	(728, '순두부', 8000, 130),
	(729, '뚝배기 된장찌개', 8000, 130),
	(730, '콩비지', 9000, 130),
	(731, '뚝배기해물순두부', 9000, 130),
	(732, '기와집정식(점심)', 21000, 130),
	(733, '버섯생불고기', 15000, 131),
	(734, '갈비탕', 9000, 131),
	(735, '한우육회비빔밥', 8000, 131),
	(736, '돌솥비빔밥', 7000, 131),
	(737, '산채비빔밥', 6000, 131),
	(738, '양장피', 36000, 132),
	(739, '삼선짬뽕', 10000, 132),
	(740, '깐풍새우', 45000, 132),
	(741, '고추잡채밥', 12000, 132),
	(742, '돌솥정식', 19500, 133),
	(743, '보리굴비정식', 25000, 133),
	(744, '일반정식', 15000, 133),
	(745, '간장게장정식', 30000, 133),
	(746, '육전', 20000, 133),
	(747, '영의정 정식', 52000, 134),
	(748, '좌의정 정식', 43000, 134),
	(749, '왕정 정식', 62000, 134),
	(750, '우의정 정식', 37000, 134),
	(751, '대나무 정식(점심특선)', 25000, 134),
	(752, '양갈비(200g)', 30000, 135),
	(753, '램꽃등식', 42000, 135),
	(754, '전골(대)', 50000, 135),
	(755, '전골(중)', 40000, 135),
	(756, '양사골곰탕', 10000, 135),
	(757, '평양냉면', 12000, 136),
	(758, '어복쟁반', 70000, 136),
	(759, '메밀비빔냉면', 12000, 136),
	(760, '불고기', 30000, 136),
	(761, '갈비탕', 15000, 136),
	(762, '점심한정식', 25000, 137),
	(763, '저녁한정식', 38000, 137),
	(764, '간장게장 정식', 30000, 137),
	(765, '조기구이 정식', 15000, 137),
	(766, '설렁탕', 10000, 138),
	(767, '내장탕', 11000, 138),
	(768, '족탕', 25000, 138),
	(769, '설렁탕 특', 17000, 138),
	(770, '도가니탕', 25000, 138),
	(771, '수라상', 46000, 139),
	(772, '점심특선메뉴1', 24000, 139),
	(773, '점심특선메뉴2', 29000, 139),
	(774, '점심특선메뉴3', 34000, 139),
	(775, '궁중상 ', 40000, 139),
	(776, '진코스', 25000, 140),
	(777, '보리굴비', 33000, 140),
	(778, '진정식', 38000, 140),
	(779, '북해도 정식', 30000, 141),
	(780, '정식', 27000, 141),
	(781, '생선초밥(특)', 45000, 141),
	(782, '생대구지리', 25000, 141),
	(783, '장어정식', 40000, 141),
	(784, '특양구이', 38000, 142),
	(785, '한우대창구이', 37000, 142),
	(786, '양념갈비', 53000, 142),
	(787, '홍창구이', 36000, 142),
	(788, '한우채끝등심', 54000, 142),
	(789, '오선채 한정식', 25000, 143),
	(790, '오선채 영양밥 한정식', 28000, 143),
	(791, '오선채 영양밥 특한정식', 37000, 143),
	(792, '오선채 간장게장정식', 55000, 143),
	(793, '돼지수육', 35000, 143),
	(794, '스페셜 샤브 정식', 22000, 144),
	(795, '소고기정식', 34000, 144),
	(796, '점심특선', 22000, 144),
	(797, '샤브칼국수', 13000, 144),
	(798, '한우정식', 44000, 144),
	(799, '비빔국수', 8000, 145),
	(800, '동치미(열무)국수', 7000, 145),
	(801, '잔치국수', 7000, 145),
	(802, '만두', 5000, 145),
	(803, '양념갈비', 43000, 146),
	(804, '우대갈비', 48000, 146),
	(805, '생갈비', 53000, 146),
	(806, '생등심', 57000, 146),
	(807, '꽃등심', 68000, 146),
	(808, '떡갈비 정식', 42000, 147),
	(809, '꽃등심', 71000, 147),
	(810, '보리굴비 정식', 42000, 147),
	(811, '양념갈비 정식(점심특선)', 45000, 147),
	(812, '생갈비 정식', 55000, 147),
	(813, '급냉 삼겹살', 13000, 148),
	(814, '청국장찌개', 8000, 148),
	(815, '키조개 관자', 12000, 148),
	(816, '순두부찌개', 8000, 148),
	(817, '혼마구로', 70000, 149),
	(818, '회덮밥', 10000, 149),
	(819, '혼마구로스페샬', 120000, 149),
	(820, '특참치초밥', 35000, 149),
	(821, '참치초밥', 20000, 149),
	(822, '회덮밥', 14000, 150),
	(823, '참치회', 60000, 150),
	(824, '참치정식', 23000, 150),
	(825, '메로구이', 25000, 150),
	(826, '메로탕', 25000, 150),
	(827, '평일 런치', 32900, 151),
	(828, '평일 디너', 45100, 151),
	(829, '주말 런치', 55000, 151),
	(830, '주말 디너', 55000, 151),
	(831, '김치찌개', 6000, 152),
	(832, '비빔밥', 6000, 152),
	(833, '된장찌개', 6000, 152),
	(834, '점심뷔페 주중 어른', 43000, 153),
	(835, '점심뷔페 주중 어린이', 28000, 153),
	(836, '점심뷔페 주말 어른', 56000, 153),
	(837, '점심뷔페 주말 어린이', 28000, 153),
	(838, '저녁뷔페 주말 어른', 56000, 153),
	(839, '저녁뷔페 주말 어린이', 28000, 153),
	(840, '돌솥쌈밥정식', 10000, 154),
	(841, '오리로스', 33000, 154),
	(842, '오리주물럭', 35000, 154),
	(843, '지리산흑돼지구이', 39000, 154),
	(844, '오리훈제', 39000, 154),
	(845, '오리모둠스페셜', 55000, 154),
	(846, '연화코스', 40000, 155),
	(847, '배나무골정식(점심특선)', 18000, 155),
	(848, '매화코스', 25000, 155),
	(849, '모란코스', 30000, 155),
	(850, '오봉코스', 50000, 155),
	(851, '도치숙회', 30000, 156),
	(852, '새우구이', 20000, 156),
	(853, '도루묵찜(대)', 40000, 156),
	(854, '도루묵구이', 30000, 156),
	(855, '웰빙비빔밥', 5000, 157),
	(856, '돌솥비빔밥', 6000, 157),
	(857, '제육볶음', 7000, 157),
	(858, '부대찌개', 7000, 157),
	(859, '차돌된장', 7000, 157),
	(860, '어복쟁반(소)', 68000, 158),
	(861, '명품만두전골', 25000, 158),
	(862, '온반(쇠고기)', 12000, 158),
	(863, '온반(토종닭)', 13000, 158),
	(864, '냉면', 13000, 158),
	(865, '한우특수부위', 45000, 159),
	(866, '한위등심', 35000, 159),
	(867, '목살', 15000, 159),
	(868, '선지해장국', 9000, 159),
	(869, '찹쌀순대국', 7000, 160),
	(870, '순대곱창볶음', 9000, 160),
	(871, '사골순대국', 7000, 160),
	(872, '전통보쌈정식', 8000, 160),
	(873, '얼큰이국밥', 7000, 160),
	(874, '얼큰설렁탕', 10000, 161),
	(875, '도가니탕', 18000, 161),
	(876, '설렁탕', 9500, 161),
	(877, '떡국설렁탕', 9500, 161),
	(878, '나물정식', 15000, 162),
	(879, '보쌈정식', 20000, 162),
	(880, '사랑채정식', 28000, 162),
	(881, '큰상정식', 36000, 162),
	(882, '곤드레밥', 8000, 162),
	(883, '죽염삼계탕', 14000, 163),
	(884, '옻삼계탕', 15000, 163),
	(885, '황기백숙', 55000, 163),
	(886, '옻황기백숙', 55000, 163),
	(887, '황기오리', 60000, 163),
	(888, '안동국시', 14000, 164),
	(889, '국밥', 14000, 164),
	(890, '수육(대)', 49000, 164),
	(891, '전(대)', 36000, 164),
	(892, '메밀묵(대)', 26000, 164),
	(893, '황태국', 8000, 165),
	(894, '황태구이정식', 12000, 165),
	(895, '황태구이', 10000, 165),
	(896, '더덕구이정식', 13000, 165),
	(897, '더덕구이', 11000, 165),
	(898, '손칼국수', 7000, 166),
	(899, '손만두', 7000, 166),
	(900, '떡/만두국', 7000, 166),
	(901, '청국장', 7000, 166),
	(902, '뚝불고기', 8000, 166),
	(903, '소한마리', 98000, 167),
	(904, '돼지한마리', 55000, 167),
	(905, '소스페셜', 78000, 167),
	(906, '돼지스페셜', 42000, 167),
	(907, '한우등심', 35000, 167),
	(908, '연잎밥일반', 15000, 168),
	(909, '연잎밥정식', 24000, 168),
	(910, '순두부찌개', 7000, 169),
	(911, '굴순두부찌개', 8000, 169),
	(912, '들깨순두부', 8000, 169),
	(913, '두부보쌈(중)', 25000, 169),
	(914, '순두부묵은지찌개', 8000, 169),
	(915, '곤드레 나물밥', 10000, 170),
	(916, '국내산 석쇠 불고기', 19000, 170),
	(917, '곤드레 육개장', 10000, 170),
	(918, '살짝매콤 두부양념조림', 12000, 170),
	(919, '녹두전', 7000, 170),
	(920, '한우등심', 37000, 171),
	(921, '영주한우 스페셜', 39000, 171),
	(922, '안심', 42000, 171),
	(923, '안창살', 48000, 171),
	(924, '말죽거리 소고기국밥', 7000, 172),
	(925, '제육돌솥 비빔밥', 8500, 172),
	(926, '옛날돈까스', 8500, 172),
	(927, '생선까스', 8500, 172),
	(928, '농심어묵 우동', 6000, 172),
	(929, '목우촌 으뜸 생삼겹살', 14000, 173),
	(930, '목우촌 으뜸 생목살', 14000, 173),
	(931, '오리바베큐(대)', 50000, 173),
	(932, '오리바베큐(중)', 25000, 173),
	(933, '얼큰순두부', 7000, 173),
	(934, '얼큰이칼국수', 6000, 174),
	(935, '바지락칼국수', 7000, 174),
	(936, '콩국수', 7000, 174),
	(937, '굴칼국수', 8000, 174),
	(938, '회냉면', 11000, 175),
	(939, '갈비탕', 14000, 175),
	(940, '전통장국밥', 12000, 175),
	(941, '해물양념순두부', 12000, 175),
	(942, '석쇠불고기', 15000, 175),
	(943, '간장게장', 30000, 176),
	(944, '목련상', 25000, 176),
	(945, '수라상', 50000, 176),
	(946, '보리굴비정식', 20000, 176),
	(947, '홍어삼합(소)', 35000, 176),
	(948, '들밥', 9000, 177),
	(949, '제육볶음 들밥정식', 15000, 177),
	(950, '오리불고기 들밥정식', 13000, 177),
	(951, '황태구이 들밥정식', 13000, 177),
	(952, '고등어구이 들밥정식', 13000, 177),
	(953, '돌솥밥정식', 21000, 178),
	(954, '묵은지삼겹찜(대)', 48000, 178),
	(955, '감자전', 18000, 178),
	(956, '오리백숙', 68000, 178),
	(957, '한방닭백숙', 65000, 178),
	(958, '순두부', 8000, 179),
	(959, '군두부', 9000, 179),
	(960, '부추장떡', 9000, 179),
	(961, '해물파전', 18000, 179),
	(962, '석쇠구이 쌈밥', 12000, 179),
	(963, '담소 육개장', 8500, 180),
	(964, '소사골 돈순대국', 7500, 180),
	(965, '소사골 우순대국', 7500, 180),
	(966, '수육', 27800, 180),
	(967, '칼집생삼격살', 14000, 181),
	(968, '칼집생목살', 14000, 181),
	(969, '항정살', 14000, 181),
	(970, '꽃살', 26000, 181),
	(971, '소갈비살', 21000, 181),
	(972, '소고기샤브샤브 평일 점심', 13800, 182),
	(973, '소고기샤브샤브 평일 저녁 주말 공휴일', 15800, 182),
	(974, '한우샤브샤브 평일', 18800, 182),
	(975, '한우샤브샤브 저녁 주말 공휴일', 19800, 182),
	(976, '점심특선', 50000, 183),
	(977, 'VIP코스', 120000, 183),
	(978, '프리미엄코스', 75000, 183),
	(979, '주말가족특선', 50000, 183),
	(980, '상견례추천코스', 70000, 183),
	(981, '꼬막 비빔밥', 12000, 184),
	(982, '꼬막 무침', 19000, 184),
	(983, '해물뚝배기(지리)', 12000, 184),
	(984, '산해진미 해물탕(중)', 39000, 184),
	(985, '산해진미 해물탕(대)', 57000, 184),
	(986, '빠가탕(대)', 50000, 185),
	(987, '메기탕(중)', 30000, 185),
	(988, '새우탕(소)', 20000, 185),
	(989, '한방도라지백숙', 50000, 185),
	(990, '참다랑어골드', 100000, 186),
	(991, '참다랑어회', 70000, 186),
	(992, '참치회(특)', 55000, 186),
	(993, '참치회스페셜', 39000, 186),
	(994, '프라임 모둠', 9900, 187),
	(995, '돌배기', 9900, 187),
	(996, '프라임 등심', 12900, 187),
	(997, '프라임 큐브살치', 11900, 187),
	(998, '프라임 수제불고기', 9900, 187),
	(999, '수향가족발', 33000, 188),
	(1000, '1인족발', 17300, 188),
	(1001, '족발반반', 34000, 188),
	(1002, '냉채족발', 35000, 188),
	(1003, '매운족발', 35000, 188),
	(1004, '소한마리(800g)', 59900, 189),
	(1005, '돼지한마리(800g)', 49900, 189),
	(1006, '한우모듬(550g)', 89000, 189),
	(1007, '삼겹살(180g)', 12900, 189),
	(1008, '소반마리(500g)', 39900, 189),
	(1009, '양꼬치', 12000, 190),
	(1010, '호남중새우', 22000, 190),
	(1011, '양갈비살꼬치', 15000, 190),
	(1012, '양갈비살꼬치', 15000, 190),
	(1013, '고급양갈비', 18000, 190),
	(1014, '시골보쌈', 47000, 191),
	(1015, '밥한상', 12000, 191),
	(1016, '모둠보쌈', 50000, 191),
	(1017, '생굴보쌈(동절기)', 50000, 191),
	(1018, '감자옹심이', 9000, 191),
	(1019, '통영해물보쌈(대)', 70000, 192),
	(1020, '문어해물보쌈(대)', 70000, 192),
	(1021, '모둠회', 70000, 192),
	(1022, '연포탕(대)', 55000, 192),
	(1023, '황제 문어해신탕(4인)', 79000, 193),
	(1024, '황제 낙지해신탕(3인)', 69000, 193),
	(1025, '문어해물탕/찜(4인)', 89000, 193),
	(1026, '낙지해물탕/찜(3인)', 69000, 193),
	(1027, '아구찜/탕(4인)', 59000, 193),
	(1028, '모듬회(3인)', 70000, 194),
	(1029, '물회', 15000, 194),
	(1030, '횟밥', 15000, 194),
	(1031, '홍게탕', 30000, 194),
	(1032, '남도술상(4인)', 59000, 195),
	(1033, '다정술상(2인)', 39000, 195),
	(1034, '초장낙지', 20000, 195),
	(1035, '꼬막무침', 20000, 195),
	(1036, '홍어무침', 15000, 195),
	(1037, '특스페셜세트A', 139000, 196),
	(1038, 'VIP세트', 159000, 196),
	(1039, '양배생삼겸살', 13000, 196),
	(1040, '수제돼지갈비', 13000, 196),
	(1041, '특생등심', 32000, 196),
	(1042, '꽃삼겹살2인세트', 48000, 197),
	(1043, '꽃삼겹(2인분)', 32000, 197),
	(1044, '1인 꽃삼겹 도시락', 15000, 197),
	(1045, '1인 꽃목살 도시락', 16000, 197),
	(1046, '한우육회', 25000, 197),
	(1047, '여진족발(특대)', 54000, 198),
	(1048, '여진족발(대)', 39000, 198),
	(1049, '여진족발(중)', 34000, 198),
	(1050, '냉채족발', 39000, 198),
	(1051, '갈치조림(중)', 35000, 199),
	(1052, '갈치조림(대)', 55000, 199),
	(1053, '감자탕(소)', 30000, 199),
	(1054, '감자탕(중)', 35000, 199),
	(1055, '감자탕(대)', 40000, 199),
	(1056, '순대국(일반사이즈)', 9000, 200),
	(1057, '순대국(특사이즈)', 10000, 200),
	(1058, '뼈해장국(일반사이즈)', 9000, 200),
	(1059, '직화불고기', 26000, 200),
	(1060, '설렁탕', 9500, 201),
	(1061, '얼큰설렁탕', 10000, 201),
	(1062, '김치전', 10000, 201),
	(1063, '양곰탕', 14000, 201),
	(1064, 'S코스(1인분)', 70000, 202),
	(1065, 'A코스(1인분)', 55000, 202),
	(1066, 'B코스(1인분)', 40000, 202),
	(1067, '세꼬시(참가자미 1인분)', 40000, 202),
	(1068, '삼겹살(150g)', 14000, 203),
	(1069, '목살(150g)', 14000, 203),
	(1070, '가브리살(150g)', 14000, 203),
	(1071, '항정살(150g)', 16000, 203),
	(1072, '하우스함박스테이크', 7900, 204),
	(1073, '엉클브라운함박스테이크', 9000, 204),
	(1074, '로제함박스테이크', 9000, 204),
	(1075, '알프래도함박스테이크', 9000, 204),
	(1076, '팬스테이크', 16500, 204),
	(1077, '마담스튜함박스테이크', 8500, 204),
	(1078, '생오리로스', 39000, 205),
	(1079, '특오삼겹', 15000, 205),
	(1080, '흑돼지모듬', 48000, 205),
	(1081, '갈비살', 39000, 205),
	(1082, '뒷통살', 14000, 205),
	(1083, '런치코스(A)', 32000, 206),
	(1084, '런치코스(B)', 39000, 206),
	(1085, '디너코스로즈', 48000, 206),
	(1086, '디너코스튤립', 58000, 206),
	(1087, '참게메기매운탕', 23000, 207),
	(1088, '메기매운탕', 17000, 207),
	(1089, '메기양념구이(찜)', 22000, 207),
	(1090, '빠가사리매운탕(1인분)', 25000, 207),
	(1091, '치즈돈까스', 14000, 208),
	(1092, '치킨까스', 10000, 208),
	(1093, '오로시까스', 13500, 208),
	(1094, '장군우동', 10000, 208),
	(1095, '로스까스', 11000, 208),
	(1096, '스페셜 국내산 등심', 15000, 209),
	(1097, '스페셜 국내산 채끝', 18000, 209),
	(1098, '칼집 삼겹살', 13000, 209),
	(1099, '항정살', 15000, 209),
	(1100, '2인 감자전세트', 25000, 210),
	(1101, '회 막국수', 11000, 210),
	(1102, '감자전', 11000, 210),
	(1103, '김대감 민어정식', 13000, 210),
	(1104, '영의정밥상(1인)', 10000, 211),
	(1105, '황후밥상(1인)', 15000, 211),
	(1106, '임금님밥상(1인)', 20000, 211),
	(1107, '돼지왕갈비', 14000, 212),
	(1108, '강된장영양쌈밥', 7000, 212),
	(1109, '생삼겹살', 13000, 212),
	(1110, '소갈비살', 15000, 212),
	(1111, '갑오징어불고기(소)', 35000, 213),
	(1112, '갑오징어전골(소)', 40000, 213),
	(1113, '갑오징어삼겹살불고기(소)', 40000, 213),
	(1114, '갑오징어초무침', 18000, 213),
	(1115, '갑오징어숙회', 18000, 213),
	(1116, '뼈삼겹(600g)', 38000, 214),
	(1117, '생삼겹살(200g)', 12900, 214),
	(1118, '생목살(200g)', 11900, 214),
	(1119, '양념목살(300g)', 15000, 214),
	(1120, '피칸리코타치즈 피자', 25000, 215),
	(1121, '명란아보카도 파스타', 18000, 215),
	(1122, '새우날치알 파스타', 15000, 215),
	(1123, '빼쉐(해장파스타)', 17000, 215),
	(1124, '일반족발(대)', 35000, 216),
	(1125, '일반족발(특대)', 50000, 216),
	(1126, '매운족발(대)', 38000, 216),
	(1127, '반반족발', 38000, 216),
	(1128, '육갑', 18000, 217),
	(1129, '육갑꽃살', 29000, 217),
	(1130, '육갑생삼겹살', 15000, 217),
	(1131, '육갑등심', 28000, 217),
	(1132, '양갈비', 28000, 218),
	(1133, '양등심', 27000, 218),
	(1134, '갈비살', 26000, 218),
	(1135, '프렌치랙', 35000, 218),
	(1136, '소담족발(앞발중)', 34000, 219),
	(1137, '소담족발(앞발대)', 38000, 219),
	(1138, '냉채족발(기본)', 36000, 219),
	(1139, '냉채족발(대)', 40000, 219),
	(1140, '매운족발(앞발)', 36000, 219),
	(1141, '짜장면', 6000, 220),
	(1142, '간짜장', 7000, 220),
	(1143, '해물짬뽕', 7000, 220),
	(1144, '우동', 8000, 220),
	(1145, '옛날볶음밥', 7000, 220),
	(1146, '한우불고기', 27000, 221),
	(1147, '장수불고기', 19000, 221),
	(1148, '돈육불고기', 13000, 221),
	(1149, '장수갈비(1대)', 15500, 221),
	(1150, '여향동고', 37000, 222),
	(1151, '육즙돼지고기 탕수육', 28000, 222),
	(1152, '전가복', 74000, 222),
	(1153, '가지튀김', 35000, 222),
	(1154, '짜장면', 7000, 222),
	(1155, '본 스테이크 2인코스', 188000, 223),
	(1156, '런치 코스', 12000, 223),
	(1157, '치즈 아란치니', 4000, 223),
	(1158, '디너코스', 87000, 223),
	(1159, '특선초밥', 18000, 224),
	(1160, '고등어', 4300, 224),
	(1161, '연어', 4300, 224),
	(1162, '냉모밀', 5000, 224),
	(1163, '소소곰탕', 10000, 225),
	(1164, '한우불고기', 20000, 225),
	(1165, '뚝불고기', 9000, 225),
	(1166, '매운갈비찜', 13000, 225),
	(1167, '돼지양념갈비', 16000, 226),
	(1168, '삼겹갈비', 18000, 226),
	(1169, '소갈비살', 30000, 226),
	(1170, '소갈비살', 20000, 226),
	(1171, '설렁탕', 10000, 227),
	(1172, '떡국설렁탕', 10000, 227),
	(1173, '만두설렁탕', 11000, 227),
	(1174, '사골우거지탕', 9000, 227),
	(1175, '함흥냉면', 8000, 228),
	(1176, '양념불고기', 13000, 228),
	(1177, '손만두', 6000, 228),
	(1178, '갈비탕', 11000, 228),
	(1179, '뚝배기불고기', 8000, 228),
	(1180, '가케 우동 세트', 13000, 229),
	(1181, '붓가케 우동 세트', 13000, 229),
	(1182, '돈까스정식', 15000, 229),
	(1183, '세트 튀김', 5000, 229),
	(1184, '모둠 튀김', 16000, 229),
	(1185, '갈치회', 100000, 230),
	(1186, '갈치조림', 70000, 230),
	(1187, '갈치구이', 63000, 230),
	(1188, '활어물회', 15000, 230),
	(1189, '생삼겹살', 10000, 231),
	(1190, '부대찌개', 7000, 231),
	(1191, '항정살', 13000, 231),
	(1192, '김치전', 6000, 231),
	(1193, '양평해장국', 8000, 232),
	(1194, '뼈해장국', 8000, 232),
	(1195, '한우내장탕', 9000, 232),
	(1196, '제육볶음', 7000, 232),
	(1197, '사골순대국밥(기본)', 9000, 233),
	(1198, '사골순대국밥(대)', 11000, 233),
	(1199, '도가니탕(1그릇)', 15000, 233),
	(1200, '삼계탕', 15000, 233),
	(1201, '사천탕면', 12000, 234),
	(1202, '탕수육', 28000, 234),
	(1203, '유린기', 33000, 234),
	(1204, '중새우튀김소스', 38000, 234),
	(1205, '짜장면', 7000, 235),
	(1206, '짬뽕', 8000, 235),
	(1207, '잡채볶음밥', 11000, 235),
	(1208, '생육즙탕수육', 29000, 235),
	(1209, '꿔바로우', 29000, 235),
	(1210, '특양', 33000, 236),
	(1211, '대창', 31000, 236),
	(1212, '램갈비', 29000, 236),
	(1213, '곱창전골(중)', 38000, 236),
	(1214, '양모리 양곰탕', 13000, 236),
	(1215, '생 삽겹살(국내산)', 13000, 237),
	(1216, '돼지갈비(국내산)', 14000, 237),
	(1217, '한우 생등심', 25000, 237),
	(1218, '한우 모듬', 22000, 237),
	(1219, '한우차돌박이', 20000, 237),
	(1220, '한우꽃등심', 38000, 237),
	(1221, '블루베리 팬케익', 14000, 238),
	(1222, '마초 베네딕트', 14000, 238),
	(1223, '오픈 오믈렛', 12000, 238),
	(1224, '프렌치 토스트', 14000, 238),
	(1225, '치킨 퀘사디아', 13000, 238),
	(1226, '서리꽃등심', 48000, 239),
	(1227, '한우불고기전골', 21000, 239),
	(1228, '한우국밥', 8000, 239),
	(1229, 'LA갈비듬뿍 도시락', 23500, 239),
	(1230, '보리밥', 8000, 240),
	(1231, '새싹비빔밥', 8500, 240),
	(1232, '삼겹제육볶음', 10000, 240),
	(1233, '쭈꾸미볶음', 10000, 240),
	(1234, '삼합보쌈', 48000, 240),
	(1235, '바지락칼국수', 7000, 241),
	(1236, '들깨칼국수', 7000, 241),
	(1237, '보리비빔밥', 7000, 241),
	(1238, '보쌈정식', 8000, 241),
	(1239, '왕만두', 7000, 241),
	(1240, '슈하스코코스 무한리필', 33800, 242),
	(1241, '슈하스코코스 메인코스단품', 28900, 242),
	(1242, '스테이크코스 무한리필', 35700, 242),
	(1243, '스테이크코스 메인코스단품', 29900, 242),
	(1244, '한우한마리(800g)', 95000, 243),
	(1245, '돼지한마리(800g)', 52000, 243),
	(1246, '꽃등심(150g)', 36000, 243),
	(1247, '생등심(150g)', 32000, 243),
	(1248, '차돌박이(150g)', 28000, 243),
	(1249, '쇠고기샤브', 16000, 244),
	(1250, '버섯샤브', 20000, 244),
	(1251, '해물샤브', 22000, 244),
	(1252, '점심특선샤브', 8000, 244),
	(1253, '짜장면', 6000, 245),
	(1254, '삼선짬뽕', 9000, 245),
	(1255, '불짬뽕', 9000, 245),
	(1256, '등신탕수육(소)', 20000, 245),
	(1257, '냉패삼겹살', 13000, 246),
	(1258, '꼬들살', 13000, 246),
	(1259, '수제베이컨', 14000, 246),
	(1260, '우대갈비', 30000, 246),
	(1261, '야끼니꾸 꼬들', 14000, 246),
	(1262, '오독갈비', 11000, 247),
	(1263, '꿀돼지꼬리', 9000, 247),
	(1264, '두껍데기', 8000, 247),
	(1265, '삼겹살', 8000, 247),
	(1266, '천겹살', 9000, 247),
	(1267, '순대국', 8000, 248),
	(1268, '야채순대', 15000, 248),
	(1269, '술국', 18000, 248),
	(1270, '닭도리탕(중)', 30000, 248),
	(1271, '베이컨부대찌개(2인분)', 24000, 248),
	(1272, '도마수육정식', 11000, 249),
	(1273, '3대시래기국', 8000, 249),
	(1274, '쑥떡떡갈비정식', 11000, 249),
	(1275, '도토리해물파전', 16000, 249),
	(1276, '도마수육(소)', 18000, 249),
	(1277, '추어정식', 14000, 250),
	(1278, '추어탕', 10000, 250),
	(1279, '통추어탕', 12000, 250),
	(1280, '논우렁추어탕', 12000, 250),
	(1281, '다슬기추어탕', 12000, 250),
	(1282, '알밥(런치)', 8000, 251),
	(1283, '회덮밥(런치)', 9000, 251),
	(1284, '해초비빔밥(런치)', 9000, 251),
	(1285, '대구탕(런치)', 10000, 251),
	(1286, '알탕(런치)', 9000, 251),
	(1287, '얼큰순두부', 7000, 252),
	(1288, '들깨순두부', 8000, 252),
	(1289, '청국장', 7000, 252),
	(1290, '떡갈비 돌솥비빔밥', 8000, 252),
	(1291, '차돌된장찌개', 7000, 252),
	(1292, '버섯 두부전골', 15000, 252),
	(1293, '한우1 and 꽃등심(260g)', 42800, 253),
	(1294, '한우1 and 채끝등심(160g)', 32800, 253),
	(1295, '한우1 and 치마살(170g)', 42800, 253),
	(1296, '한우1 and 부채살(150g)', 32800, 253),
	(1297, '봉골레', 35800, 253),
	(1298, '알리올리오', 35800, 253),
	(1299, '민어매운탕(1인)', 25000, 254),
	(1300, '민어회(소)', 60000, 254),
	(1301, '민어전', 60000, 254),
	(1302, '민어회덮밥', 15000, 254),
	(1303, '홍어회', 60000, 254),
	(1304, '장어코스', 200000, 255),
	(1305, '갯벌장어', 75000, 255),
	(1306, '송강정식', 22000, 255),
	(1307, '복국', 17000, 255),
	(1308, '찜정식', 43000, 255),
	(1309, '콩짜장면', 6000, 256),
	(1310, '해물쟁반짜장', 8000, 256),
	(1311, '차돌박이짬뽕', 9000, 256),
	(1312, '로스까스', 9000, 257),
	(1313, '히레까스', 10000, 257),
	(1314, '콤비까스', 10500, 257),
	(1315, '아구찜', 20000, 258),
	(1316, '알대구탕', 10000, 258),
	(1317, '복지리', 12000, 258),
	(1318, '짜장면', 6500, 259),
	(1319, '짬뽕', 7500, 259),
	(1320, '볶음밥', 7500, 259),
	(1321, '탕수육', 24000, 259),
	(1322, '잡채밥', 8500, 259),
	(1323, '회냉면', 9000, 260),
	(1324, '물냉면', 9000, 260),
	(1325, '비빔냉면', 9000, 260),
	(1326, '사골만두국', 8500, 260),
	(1327, '사골떡만두국', 8500, 260),
	(1328, '부대찌개(2인)', 20000, 261),
	(1329, '산꼼장어', 16000, 262),
	(1330, '산아나고(중)', 30000, 262),
	(1331, '산꼼장어볶음(중)', 40000, 262),
	(1332, '산아나고탕(중)', 40000, 262),
	(1333, '아구찜(대)', 59000, 263),
	(1334, '코다리간장조림(대)', 51000, 263),
	(1335, '해물찜(대)', 65000, 263),
	(1336, '동태전골(대)', 39000, 263),
	(1337, '평일 런치 성인', 25000, 264),
	(1338, '평일 디너 성인', 40000, 264),
	(1339, '주말 및 공휴일 성인', 40000, 264),
	(1340, '평일 런치 초등', 20000, 264),
	(1341, '초등 평일디너 및 주말', 35000, 264),
	(1342, '미뤼학아동 평일 런치디너 및 주말', 5000, 264),
	(1343, '전통수라빔', 11000, 265),
	(1344, '돌솥빔', 11000, 265),
	(1345, '청국장웰빔', 10000, 265),
	(1346, '매운닭갈비빔', 14000, 265),
	(1347, '산채빔', 10000, 265),
	(1348, '안심쌀국수', 10000, 266),
	(1349, '해산물쌀국수', 8000, 266),
	(1350, '게살볶음밥', 10000, 266),
	(1351, '프리미엄비프쌀국수', 10000, 266),
	(1352, '현미쌀국수', 9000, 266),
	(1353, '한우설화꽃등심 100g', 53846, 267),
	(1354, '양념갈비세트', 50000, 267),
	(1355, '상견례 한정식', 70000, 267),
	(1356, '런치보리굴비정식', 32000, 267),
	(1357, '생삽겹살 1인분(180g)', 15000, 268),
	(1358, '특목살 1인분(180g)', 15000, 268),
	(1359, '생갈비 1인분(200g)', 15000, 268),
	(1360, '항정살 1인분(150g)', 16000, 268),
	(1361, '갈매기살 1인분(150g)', 15000, 268),
	(1362, '낙지볶음', 26000, 269),
	(1363, '조개탕', 13000, 269),
	(1364, '산낙지볶음', 55000, 269),
	(1365, '산낙지연포탕(중)', 39000, 269),
	(1366, '산낙지전골(중)', 40000, 269),
	(1367, '제육볶음', 8000, 270),
	(1368, '닭볶음탕(대)', 40000, 270),
	(1369, '부대찌개', 8000, 270),
	(1370, '돼지고기김치찌개', 8000, 270),
	(1371, '콩나물해장국', 8000, 270),
	(1372, '비빔밥', 7000, 270),
	(1373, '오마카세 코스', 190000, 271),
	(1374, '보헤미안 피자', 23000, 272),
	(1375, '시금치 새우 파스타', 22000, 272),
	(1376, '누보 브런치', 23500, 272),
	(1377, '연어 샐러드', 21500, 272),
	(1378, '시저샐러드', 19500, 272),
	(1379, '수제버거와 감자튀김', 22500, 272),
	(1380, '생굴보쌈', 25000, 273),
	(1381, '도루묵찌개', 30000, 273),
	(1382, '꼬막무침', 15000, 273),
	(1383, '굴보쌈', 35000, 273),
	(1384, '홍어탕', 15000, 273),
	(1385, '만조파스타', 34000, 274),
	(1386, '포모도로 스페셜 피자', 27000, 274),
	(1387, '리코타치즈 샐러드', 21000, 274),
	(1388, '감바스알아히오', 19000, 274),
	(1389, '블랙올리브피자', 25000, 274),
	(1390, '왕갈비찜(미)', 55000, 275),
	(1391, '회냉면', 11000, 275),
	(1392, '물냉면', 10000, 275),
	(1393, '비빔냉면', 10000, 275),
	(1394, '오색만두', 10000, 275),
	(1395, '분짜', 19000, 276),
	(1396, '양지쌀국수', 12000, 276),
	(1397, '수육쌀국수', 16000, 276),
	(1398, '톰얌쌀국수', 15000, 276),
	(1399, '매운해물쌀국수', 15000, 276),
	(1400, '빠다꽃등심(150g)', 33000, 277),
	(1401, '꽃삼겹(180g)', 16000, 277),
	(1402, '안창살(150g)', 31000, 277),
	(1403, '꽃목살(150g)', 17000, 277),
	(1404, '화담정식(점심)', 38000, 278),
	(1405, '사시미 B코스', 80000, 278),
	(1406, '디너 회식 비즈니스 코스', 45000, 278),
	(1407, '특초밥14pcs', 45000, 278),
	(1408, '민물장어덮밥', 45000, 278),
	(1409, '한우생갈비', 75000, 279),
	(1410, '한우살치살', 65000, 279),
	(1411, '한우꽃등심', 60000, 279),
	(1412, '한우생등심', 50000, 279),
	(1413, '생갈비', 48000, 279),
	(1414, '서래왕갈비', 43000, 279),
	(1415, '육갑', 18000, 280),
	(1416, '육갑꽃살', 29000, 280),
	(1417, '육갑LA갈비', 19000, 280),
	(1418, '육갑등심', 28000, 280),
	(1419, '육갑차돌박이', 19000, 280),
	(1420, '전주비빔밥', 12000, 281),
	(1421, '산채비빔밥', 12000, 281),
	(1422, '제육볶음비빔밥', 12000, 281),
	(1423, '소불고기비빔밥', 13000, 281),
	(1424, '낙지볶음비빔밥', 13000, 281),
	(1425, '후레쉬 모짜렐라 치즈의 마르게리타', 19000, 282),
	(1426, '해산물 토마토', 23000, 282),
	(1427, '까르보나라', 21000, 282),
	(1428, '안심스테이크(200g)', 54000, 282),
	(1429, '오늘의스프', 7000, 282),
	(1430, '도다리세꼬시', 40000, 283),
	(1431, '모듬회(대)', 100000, 283),
	(1432, '모듬해물', 60000, 283),
	(1433, '알탕', 13000, 283),
	(1434, '농어(대)', 100000, 283),
	(1435, '짜장밥', 7000, 284),
	(1436, '게살볶음밥', 12000, 284),
	(1437, 'XO소스볶음밥', 9000, 284),
	(1438, '새우볶음밥', 8000, 284),
	(1439, '삼선짜장면', 7000, 284),
	(1440, '삼선짬뽕', 7000, 284),
	(1441, '꽃게스파게티', 27000, 285),
	(1442, '양갈비', 53000, 285),
	(1443, '까르보나라 스파게티', 21000, 285),
	(1444, '티본스테이크', 81000, 285),
	(1445, '그릴야채샐러드', 22000, 285),
	(1446, '북경오리', 32000, 286),
	(1447, '훠궈(돼지고기)', 13000, 286),
	(1448, '훠궈(쇠고기)', 21000, 286),
	(1449, '훠궈(해물)', 42000, 286),
	(1450, '해물탕면', 6000, 286),
	(1451, '갈비탕', 12000, 287),
	(1452, '평양냉면', 10000, 287),
	(1453, '꽃등심', 15000, 287),
	(1454, '갈비살', 14000, 287),
	(1455, '꽃살', 14000, 287),
	(1456, '생갈비', 13000, 287),
	(1457, '암소 안심(130g)', 53000, 288),
	(1458, '암소 차돌박이 버섯 전골', 55000, 288),
	(1459, '드라이에이징 암소 티본(100g)', 48000, 288),
	(1460, '암소 등심(130g)', 49000, 288),
	(1461, '암소 새우살(130g)', 60000, 288),
	(1462, '평일 점심', 25900, 289),
	(1463, '평일 저녘', 30900, 289),
	(1464, '주말 및 공휴일', 35900, 289),
	(1465, '초등학생', 14900, 289),
	(1466, '미취학아동', 10900, 289),
	(1467, '강화섬계탕', 8000, 290),
	(1468, '고깃집된장찌게', 6000, 290),
	(1469, '나주식수육곰탕', 5000, 290),
	(1470, '한돈김치찌개', 4900, 290),
	(1471, '소고기미역국', 3900, 290),
	(1472, '고등어구이', 10000, 291),
	(1473, '삼치구이', 14000, 291),
	(1474, '묵은지고등어조림', 11000, 291),
	(1475, '알탕', 9500, 291),
	(1476, '동태탕', 8500, 291),
	(1477, '평양냉면', 13000, 292),
	(1478, '어복쟁반(소)', 64000, 292),
	(1479, '녹두지짐', 10000, 292),
	(1480, '편육(소)', 17000, 292),
	(1481, '수육', 22000, 292),
	(1482, '실장추천참치', 38000, 293),
	(1483, '점심메뉴(회덮밥)', 9000, 293),
	(1484, '참치스페셜', 28000, 293),
	(1485, '일품참치', 55000, 293),
	(1486, '혼마구로', 75000, 293),
	(1487, '찹쌀 누룽지 닭죽', 8500, 294),
	(1488, '찹쌀 누룽지 백숙(3인분)', 26000, 294),
	(1489, '특생선회', 80000, 295),
	(1490, '모듬회(대)', 70000, 295),
	(1491, '막회(대)', 40000, 295),
	(1492, '생대구탕(대)', 20000, 295),
	(1493, '서더리탕(대)', 15000, 295),
	(1494, '순두부찌개', 6000, 296),
	(1495, '굴순두부찌개', 7000, 296),
	(1496, '비지찌개', 6000, 296),
	(1497, '청국장', 7000, 296),
	(1498, '전복순두부', 9000, 296),
	(1499, '주중점심 성인', 57000, 297),
	(1500, '주중점심 어린이', 28500, 297),
	(1501, '주중저녘 성인', 78000, 297),
	(1502, '주중저녘 어린이', 39000, 297),
	(1503, '주말 및 공휴일 성인', 85000, 297),
	(1504, '주말 및 공휴일 어린이', 425000, 297),
	(1505, '설농탕', 11000, 298),
	(1506, '수육', 38000, 298),
	(1507, '북경오리', 77000, 299),
	(1508, '딤섬', 10000, 299),
	(1509, '고기쇼마이', 12000, 299),
	(1510, '부추튀김딤섬', 10000, 299),
	(1511, '수제군만두', 10000, 299),
	(1512, '영광굴비', 17000, 300),
	(1513, '떡갈비', 20000, 300),
	(1514, '알탕', 10000, 300),
	(1515, '민어구이', 20000, 300),
	(1516, '홍어회', 120000, 300),
	(1517, '따로국밥', 10000, 301),
	(1518, '수육(소)', 17000, 301),
	(1519, '수육(대)', 30000, 301),
	(1520, '꽃게찜(대)', 85000, 302),
	(1521, '꽃게탕(대)', 85000, 302),
	(1522, '꽃게범벅', 70000, 302),
	(1523, '아구찜(대)', 60000, 302),
	(1524, '아구탕(대)', 60000, 302),
	(1525, '굴콩나물국밥', 9000, 303),
	(1526, '콩나물국밥', 7000, 303),
	(1527, '돌솥비빔밥', 8000, 303),
	(1528, '전주비빔밥', 7000, 303),
	(1529, '묵은지꽁치조림', 8000, 303),
	(1530, '복 뚝배기탕', 15000, 304),
	(1531, '복어회', 70000, 304),
	(1532, '활복', 65000, 304),
	(1533, '복매운탕', 35000, 304),
	(1534, '복샤브샤브', 85000, 304),
	(1535, '한우차돌삼합', 25000, 305),
	(1536, '한우파김치전골', 55000, 305),
	(1537, '한돈파김치전골밥상(점심)', 10000, 305),
	(1538, '새조개장비빔밥상(점심)', 10000, 305),
	(1539, '한우꽃게된장찌개밥상(점심)', 10000, 305),
	(1540, '차돌짬뽕', 10000, 306),
	(1541, '짜장면', 6000, 306),
	(1542, '짬뽕', 9000, 306),
	(1543, '새우볶음밥', 8000, 306),
	(1544, '사천식볶음밥', 9000, 306),
	(1545, '자장면', 7000, 307),
	(1546, '간자장', 8000, 307),
	(1547, '차돌박이짬뽕', 11000, 307),
	(1548, '낙지굴짬', 10000, 307),
	(1549, '잡채밥', 9000, 307),
	(1550, '간장게장', 78000, 308),
	(1551, '양념게장', 82000, 308),
	(1552, '반반게장', 80000, 308),
	(1553, '게알비빔밥', 25000, 308),
	(1554, '아귀찜(대)', 60000, 308),
	(1555, '코다리정식 평일점심특선', 10000, 309),
	(1556, '코다리조림', 25000, 309),
	(1557, '코다리시래기조림', 26000, 309),
	(1558, '코다리갈비조림', 33000, 309),
	(1559, '코다리해물조림', 37000, 309),
	(1560, '제육(삼겹)', 25000, 310),
	(1561, '접시만두', 11000, 310),
	(1562, '냉면', 13000, 310),
	(1563, '비빔냉면', 13000, 310),
	(1564, '만두국', 13000, 310),
	(1565, '세고시 1인', 43000, 311),
	(1566, '광어 국내산', 43000, 311),
	(1567, '전어 1인', 43000, 311),
	(1568, '멸치 1인', 43000, 311),
	(1569, '학꽁치 1인', 43000, 311),
	(1570, '물막국수', 7500, 312),
	(1571, '비빔막국수', 7500, 312),
	(1572, '메밀소면(소바)', 8500, 312),
	(1573, '한방수육', 24000, 312),
	(1574, '모듬전', 20000, 312),
	(1575, 'VIP코스', 120000, 313),
	(1576, '프리미엄코스', 65000, 313),
	(1577, '주말가족특선', 45000, 313),
	(1578, '상견례 추천 코스', 70000, 313),
	(1579, '점심특선', 25000, 313),
	(1580, '베이징덕', 99000, 314),
	(1581, '그린도시락(고급 중식)', 29000, 314),
	(1582, '퍼플도시락(고급 중식)', 39000, 314),
	(1583, '블랙도시락(고급 중식)', 49000, 314),
	(1584, 'Nari 점심코스', 43000, 314),
	(1585, '회냉면', 11000, 315),
	(1586, '개성손만두', 9000, 315),
	(1587, '냉면', 11000, 315),
	(1588, '비빔냉면', 11000, 315),
	(1589, '전통장국밥', 12000, 315);
/*!40000 ALTER TABLE `seochofood` ENABLE KEYS */;

/*!40101 SET SQL_MODE=IFNULL(@OLD_SQL_MODE, '') */;
/*!40014 SET FOREIGN_KEY_CHECKS=IFNULL(@OLD_FOREIGN_KEY_CHECKS, 1) */;
/*!40101 SET CHARACTER_SET_CLIENT=@OLD_CHARACTER_SET_CLIENT */;
/*!40111 SET SQL_NOTES=IFNULL(@OLD_SQL_NOTES, 1) */;
